id,title,description,product_url,landing_page_url,image_url,image_url_2,image_url_3,image_url_4,price,price_no_rebate,stock_quantity,brand,gtin,merchant_category,delivery_cost
47608958157141,"Action Camera 4K","
De Action Camera 4K Pora&amp;Co met EIS (Electronic Image Stabilization) is een krachtige en veelzijdige camera die is ontworpen om al je avonturen vast te leggen in verbluffende 4K-resolutie. Of je nu gaat wandelen, fietsen, duiken, snowboarden of andere actieve buitenactiviteiten onderneemt, deze camera is je ideale metgezel.
Belangrijkste kenmerken van de Action Camera 4K Pora&amp;Co met EIS zijn onder andere:


4K Ultra HD-video: Deze camera biedt video-opnames in verbluffende 4K-resolutie met een indrukwekkende beeldkwaliteit. Dit zorgt ervoor dat je video's er haarscherp en gedetailleerd uitzien, zodat je herinneringen tot in de kleinste details kunt vastleggen.


Electronic Image Stabilization (EIS): Dankzij de EIS-technologie worden schokken en trillingen geminimaliseerd, waardoor je video's soepel en stabiel blijven, zelfs tijdens bewegelijke activiteiten.


Waterdicht en duurzaam: De Action Camera 4K Pora&amp;Co is ontworpen om bestand te zijn tegen de elementen. Het wordt geleverd met een waterdichte behuizing die je in staat stelt om tot op grote diepte onder water te filmen, perfect voor snorkelen en duiken.


Brede kijkhoek: De camera heeft een brede kijkhoek, waardoor je een groter gezichtsveld hebt en meer van je omgeving kunt vastleggen.


Ingebouwde WiFi: Met de ingebouwde WiFi-functionaliteit kun je de camera eenvoudig verbinden met je smartphone of tablet. Hiermee kun je live video streamen, je opnames bekijken en delen via sociale media.


Diverse accessoires: De camera wordt geleverd met een scala aan accessoires, waaronder bevestigingsclips, een waterdichte behuizing, een selfiestick en meer, waardoor je de camera kunt aanpassen aan je specifieke behoeften en activiteiten.


De Action Camera 4K Pora&amp;Co met EIS is ideaal voor avonturiers, sportliefhebbers en iedereen die op zoek is naar een betaalbare en kwalitatieve action camera om hun belevenissen vast te leggen. Met zijn indrukwekkende 4K-resolutie en beeldstabilisatie kun je verbluffende video's en foto's maken, zelfs onder veeleisende omstandigheden.",https://poraenco-nl.myshopify.com/products/pora-co-action-camera-4k-met-eis-waterdichte-behuizing,https://poraenco-nl.myshopify.com/products/pora-co-action-camera-4k-met-eis-waterdichte-behuizing,https://cdn.shopify.com/s/files/1/0630/0178/8662/files/pora-co-action-camera-4k-met-eis-waterdichte-behuizing-elektronica-599.webp?v=1741703075,https://cdn.shopify.com/s/files/1/0630/0178/8662/files/pora-co-action-camera-4k-met-eis-waterdichte-behuizing-elektronica-444.webp?v=1741703079,https://cdn.shopify.com/s/files/1/0630/0178/8662/files/pora-co-action-camera-4k-met-eis-waterdichte-behuizing-elektronica-703.webp?v=1741703084,https://cdn.shopify.com/s/files/1/0630/0178/8662/files/pora-co-action-camera-4k-met-eis-waterdichte-behuizing-elektronica-326.webp?v=1741703088,99.95,149.95,11,Pora&Co,8720828191194,Action camera,0
50850142781781,"Beveiligingscamera - Voor binnen en buiten -1080p Full HD Beeldresolutie","Houd je huis en huisdieren altijd in de gaten met de TUYA 3MP HD WiFi Binnencamera. Deze veelzijdige beveiligingscamera biedt haarscherpe beelden, slimme functies en eenvoudige bediening via je smartphone. Dankzij de pan/tilt-functie kun je de camera op afstand draaien en kantelen voor een compleet overzicht van elke ruimte. Of je nu thuis of onderweg bent, je hebt altijd zicht op wat er gebeurt.
Belangrijkste kenmerken:


3MP HD-beeldkwaliteit: Geniet van heldere, gedetailleerde videobeelden zonder vervorming, dankzij de nieuwe verbeterde lens met meerlaagse filters en optische glazen voor nauwkeurige kleurweergave.

Pan/tilt-bediening: Bediening op afstand via je mobiele telefoon stelt je in staat om de camera 360 graden te draaien en te kantelen, voor een volledige dekking van de ruimte.

Nachtzicht: De geavanceerde infrarood nachtzichtfunctie zorgt ervoor dat je ook in het donker kunt zien wat er gebeurt, zonder concessies aan de beeldkwaliteit.

Bewegingsdetectie: De slimme bewegingssensor waarschuwt je onmiddellijk bij verdachte activiteiten, zodat je snel kunt reageren.

Tweeweg audio: Communiceer met huisdieren, familieleden of bezoekers dankzij de ingebouwde microfoon en luidspreker.

Compatibel met slimme assistenten: Werkt naadloos samen met Alexa en Google Assistant voor eenvoudige spraakbesturing en integratie in slimme scènes.

Ingebouwde AP-hotspot: Met de ingebouwde AP-hotspot kun je ook verbinding maken en live beelden bekijken zonder internetverbinding, ideaal voor noodgevallen of in afgelegen gebieden.

Eenvoudige installatie:

Sluit de camera aan op de stroom.
Download de Doodle-software.
Voeg de camera eenvoudig toe aan je netwerk en begin direct met het bekijken van livebeelden.

Of je nu op zoek bent naar extra beveiliging, je huisdieren wilt volgen of je huis in de gaten wilt houden als je niet thuis bent, de TUYA 3MP HD WiFi-camera biedt de perfecte oplossing met zijn geavanceerde functies en gebruiksvriendelijke interface. Je verdient het om je veilig te voelen, altijd en overal",https://poraenco-nl.myshopify.com/products/beveiligingscamera-voor-binnen-en-buiten-1080p-full-hd-beeldresolutie,https://poraenco-nl.myshopify.com/products/beveiligingscamera-voor-binnen-en-buiten-1080p-full-hd-beeldresolutie,https://cdn.shopify.com/s/files/1/0630/0178/8662/files/1.Hoofdafbeelding.jpg?v=1748375042,https://cdn.shopify.com/s/files/1/0630/0178/8662/files/2.Algemenevoordelen.jpg?v=1748375038,https://cdn.shopify.com/s/files/1/0630/0178/8662/files/7.Tweewegaudio.jpg?v=1748375022,https://cdn.shopify.com/s/files/1/0630/0178/8662/files/4.Camerafuncties.jpg?v=1748375031,59.95,120.00,50,Pora&Co,8720828191354,Security camera,0
51234551005525,"Compacte 5K Digitale Camera - Inclusief 32GB SD-Kaart - Zwart","",https://poraenco-nl.myshopify.com/products/compacte-5k-digitale-camera-inclusief-32gb-sd-kaart-zwart,https://poraenco-nl.myshopify.com/products/compacte-5k-digitale-camera-inclusief-32gb-sd-kaart-zwart,https://cdn.shopify.com/s/files/1/0630/0178/8662/files/PoraCo_Listing_OpticalZoomCamera1.jpg?v=1754483992,https://cdn.shopify.com/s/files/1/0630/0178/8662/files/PoraCo_Listing_OpticalZoomCamera7.jpg?v=1754483992,https://cdn.shopify.com/s/files/1/0630/0178/8662/files/PoraCo_Listing_OpticalZoomCamera11.jpg?v=1754483993,https://cdn.shopify.com/s/files/1/0630/0178/8662/files/PoraCo_Listing_OpticalZoomCamera9.jpg?v=1754483993,189.95,399.95,29,Pora&Co,8720828191484,Digital camera's,0
47123494502741,"Dementieklok 18cm","
Heb jij een dierbare die te maken heeft met de uitdagingen van Alzheimer, dementie of slechtziendheid en wil je deze persoon graag helpen met een praktische oplossing? Dan is deze dementieklok zeker een goede keuze. Deze digitale klok is speciaal ontworpen om in één oogopslag belangrijke informatie weer te geven, zoals de tijd, de dag, welk dagdeel het is en de datum. De dementieklok is voorzien van een groot display, waardoor alle gegevens duidelijk afleesbaar zijn, en kan zowel opgehangen als neergezet worden.
Ideaal voor ouderen, slechtzienden en dementerenden
Voor ouderen, slechtzienden en dementerende mensen is structuur en vertrouwen enorm belangrijk. Toch kunnen sommige ouderen wel wat hulp gebruiken om meer routine aan te brengen in hun dag. Deze dementieklok is in dit geval de ideale uitkomst. Met deze klok kunnen ouderen beter functioneren en langer zelfstandig blijven wonen.
Extra groot display
Je kunt de datum, de tijd en het dagdeel dankzij het grote scherm in één keer aflezen, waardoor ouderen en dementerenden eenvoudig kunnen zien welke dag van de week het is en hoe laat het is. Hierdoor is het makkelijker om een dagelijkse routine te volgen en voelen ze zich ook een stuk zelfverzekerder.
Eenvoudig te gebruiken
De dementieklok is zeer eenvoudig te gebruiken en in te stellen. Je kunt bijvoorbeeld verschillende wekkers instellen, bijvoorbeeld om aan te geven dat het tijd is om de medicijnen te nemen. Dankzij de handige herhaalfunctie hoeven de alarmen niet elke dag opnieuw te worden ingesteld. Verder kun je ook herinneringen instellen, bijvoorbeeld voor een bezoek van familie of voor het uitlaten van de hond.
Ervaar de voordelen nu zelf!
· Veelzijdig te gebruiken – Naast het tonen van de tijd en het instellen van alarmen, kan de dementieklok ook worden gebruikt als digitale fotolijst, of videospeler van de video's.
· Meer structuur in het leven – Door deze dementieklok te gebruiken breng je meer structuur aan in het leven van ouderen, slechtzienden en dementerenden, waardoor ze het vertrouwen dat ze nodig hebben in het dagelijks leven weer terugkrijgen.
· Gemakkelijk te personaliseren – Bij deze dementieklok kun je kiezen uit verschillende scherm displays en heb je de keuze uit een digitale of een analoge weergave.
· Inclusief afstandsbediening – De klok wordt geleverd met een afstandsbediening, waardoor de klok ook op afstand bediend kan worden!
",https://poraenco-nl.myshopify.com/products/dementieklok-7-inch,https://poraenco-nl.myshopify.com/products/dementieklok-7-inch,https://cdn.shopify.com/s/files/1/0630/0178/8662/files/dementieklok-18cm-elektronica-214.jpg?v=1744117905,https://cdn.shopify.com/s/files/1/0630/0178/8662/files/dementieklok-18cm-elektronica-930.jpg?v=1744117905,https://cdn.shopify.com/s/files/1/0630/0178/8662/files/dementieklok-18cm-elektronica-720.jpg?v=1744117788,https://cdn.shopify.com/s/files/1/0630/0178/8662/files/dementieklok-18cm-elektronica-734.jpg?v=1744117788,49.95,99.95,3,Pora&Co,8720828191125,Dementia clocks,0
47123539951957,"Dementieklok 20,3cm","Heb jij een dierbare die te maken heeft met de uitdagingen van Alzheimer, dementie of slechtziendheid en wil je deze persoon graag helpen met een praktische oplossing? Dan is deze dementieklok zeker een goede keuze. Deze digitale klok is speciaal ontworpen om in één oogopslag belangrijke informatie weer te geven, zoals de tijd, de dag, welk dagdeel het is en de datum. De dementieklok is voorzien van een groot display, waardoor alle gegevens duidelijk afleesbaar zijn, en kan zowel opgehangen als neergezet worden.
Ideaal voor ouderen, slechtzienden en dementerenden
Voor ouderen, slechtzienden en dementerende mensen is structuur en vertrouwen enorm belangrijk. Toch kunnen sommige ouderen wel wat hulp gebruiken om meer routine aan te brengen in hun dag. Deze dementieklok is in dit geval de ideale uitkomst. Met deze klok kunnen ouderen beter functioneren en langer zelfstandig blijven wonen.
Extra groot display
Je kunt de datum, de tijd en het dagdeel dankzij het grote scherm in één keer aflezen, waardoor ouderen en dementerenden eenvoudig kunnen zien welke dag van de week het is en hoe laat het is. Hierdoor is het makkelijker om een dagelijkse routine te volgen en voelen ze zich ook een stuk zelfverzekerder.
Eenvoudig te gebruiken
De dementieklok is zeer eenvoudig te gebruiken en in te stellen. Je kunt bijvoorbeeld verschillende wekkers instellen, bijvoorbeeld om aan te geven dat het tijd is om de medicijnen te nemen. Dankzij de handige herhaalfunctie hoeven de alarmen niet elke dag opnieuw te worden ingesteld. Verder kun je ook herinneringen instellen, bijvoorbeeld voor een bezoek van familie of voor het uitlaten van de hond.
Ervaar de voordelen nu zelf!
· Veelzijdig te gebruiken – Naast het tonen van de tijd en het instellen van alarmen, kan de dementieklok ook worden gebruikt als digitale fotolijst, of videospeler van de video's.
· Meer structuur in het leven – Door deze dementieklok te gebruiken breng je meer structuur aan in het leven van ouderen, slechtzienden en dementerenden, waardoor ze het vertrouwen dat ze nodig hebben in het dagelijks leven weer terugkrijgen.
· Gemakkelijk te personaliseren – Bij deze dementieklok kun je kiezen uit verschillende scherm displays en heb je de keuze uit een digitale of een analoge weergave.
· Inclusief afstandsbediening – De klok wordt geleverd met een afstandsbediening, waardoor de klok ook op afstand bediend kan worden!",https://poraenco-nl.myshopify.com/products/dementieklok-8-inch,https://poraenco-nl.myshopify.com/products/dementieklok-8-inch,https://cdn.shopify.com/s/files/1/0630/0178/8662/files/dementieklok-20-3cm-elektronica-807.webp?v=1740491892,https://cdn.shopify.com/s/files/1/0630/0178/8662/files/dementieklok-20-3cm-elektronica-144.webp?v=1740491896,https://cdn.shopify.com/s/files/1/0630/0178/8662/files/dementieklok-20-3cm-elektronica-351.webp?v=1740491900,https://cdn.shopify.com/s/files/1/0630/0178/8662/files/dementieklok-20-3cm-elektronica-279.webp?v=1740491904,59.95,99.95,60,Pora&Co,8720828191118,Dementia clocks,0
49979690680661,"Digitale Camera -  Inclusief 32 GB geheugenkaart - Zilver","Laat je kinderen de wereld vastleggen met onze speciaal ontworpen kindercamera! Deze kleurrijke en robuuste camera is perfect voor jonge fotografen die hun creativiteit willen ontdekken. Met een eenvoudig te bedienen interface en veilige, afgeronde randen is deze camera ideaal voor kleine handjes.
Belangrijkste kenmerken:
Inclusief 32GB SD-kaart: Je kinderen kunnen honderden foto's en video's maken zonder zorgen over opslagruimte. De 32GB SD-kaart biedt voldoende ruimte voor al hun avonturen.
Oplaadbaar via USB: Nooit meer gedoe met batterijen! Deze camera is gemakkelijk op te laden via USB, wat betekent dat hij altijd klaar is voor gebruik wanneer je kinderen dat zijn.
Kindvriendelijk ontwerp: Gemaakt van duurzame, schokbestendige materialen, deze camera is gebouwd om tegen een stootje te kunnen, perfect voor avontuurlijke kinderen.
Leuke fotofilters en effecten: Je kinderen kunnen hun creaties nog leuker maken met verschillende ingebouwde filters en effecten, speciaal ontworpen voor hen.
Eenvoudig in gebruik: Met intuïtieve knoppen en een eenvoudig menu kunnen kinderen moeiteloos door de functies navigeren.
Of het nu gaat om een vakantie, een schooluitje, of gewoon spelen in de tuin, deze kindercamera is de perfecte metgezel voor het vastleggen van onvergetelijke momenten. Geef je kinderen de kans om hun eigen foto- en videoavonturen te beleven met deze gebruiksvriendelijke en veilige camera!
Specificaties
Merk: Pora&amp;CoVideoresolutie: 1920x1080Pixelafbeelding: 44 megapixelsKleur: ZwartMateriaal: ABSGewicht: 113 grAfmetingen: L 13 x B 11 x H 10 cm
We staan achter de kwaliteit van onze producten. Als je om welke reden dan ook niet tevreden bent met je aankoop, neem dan gerust contact met ons op. Wij bieden 30 dagen niet-goed-geld-terug. 100% tevredenheids garantie voor risicoloos online winkelen!",https://poraenco-nl.myshopify.com/products/pora-co-digitale-camera-fototoestel-digitale-fotocamera-compact-camera-vlog-camera-voor-kinderen-inclusief-32gb-zilver,https://poraenco-nl.myshopify.com/products/pora-co-digitale-camera-fototoestel-digitale-fotocamera-compact-camera-vlog-camera-voor-kinderen-inclusief-32gb-zilver,https://cdn.shopify.com/s/files/1/0630/0178/8662/files/pora-co-digitale-camera-fototoestel-fotocamera-compact-vlog-612.jpg?v=1740057580,https://cdn.shopify.com/s/files/1/0630/0178/8662/files/pora-co-digitale-camera-fototoestel-fotocamera-compact-vlog-925.jpg?v=1740057585,https://cdn.shopify.com/s/files/1/0630/0178/8662/files/pora-co-digitale-camera-fototoestel-fotocamera-compact-vlog-399.jpg?v=1740057589,https://cdn.shopify.com/s/files/1/0630/0178/8662/files/pora-co-digitale-camera-fototoestel-fotocamera-compact-vlog-630.jpg?v=1740057593,59.95,119.95,89,Pora&Co,8720828191385,Digital camera,0
49506917744981,"Digitale Camera -  Inclusief 32 GB geheugenkaart - Zwart","Laat je kinderen de wereld vastleggen met onze speciaal ontworpen kindercamera! Deze kleurrijke en robuuste camera is perfect voor jonge fotografen die hun creativiteit willen ontdekken. Met een eenvoudig te bedienen interface en veilige, afgeronde randen is deze camera ideaal voor kleine handjes.
Belangrijkste kenmerken:
Inclusief 32GB SD-kaart: Je kinderen kunnen honderden foto's en video's maken zonder zorgen over opslagruimte. De 32GB SD-kaart biedt voldoende ruimte voor al hun avonturen.
Oplaadbaar via USB: Nooit meer gedoe met batterijen! Deze camera is gemakkelijk op te laden via USB, wat betekent dat hij altijd klaar is voor gebruik wanneer je kinderen dat zijn.
Kindvriendelijk ontwerp: Gemaakt van duurzame, schokbestendige materialen, deze camera is gebouwd om tegen een stootje te kunnen, perfect voor avontuurlijke kinderen.
Leuke fotofilters en effecten: Je kinderen kunnen hun creaties nog leuker maken met verschillende ingebouwde filters en effecten, speciaal ontworpen voor hen.
Eenvoudig in gebruik: Met intuïtieve knoppen en een eenvoudig menu kunnen kinderen moeiteloos door de functies navigeren.
Of het nu gaat om een vakantie, een schooluitje, of gewoon spelen in de tuin, deze kindercamera is de perfecte metgezel voor het vastleggen van onvergetelijke momenten. Geef je kinderen de kans om hun eigen foto- en videoavonturen te beleven met deze gebruiksvriendelijke en veilige camera!
Specificaties
Merk: Pora&amp;CoVideoresolutie: 1920x1080Pixelafbeelding: 44 megapixelsKleur: ZwartMateriaal: ABSGewicht: 113 grAfmetingen: L 13 x B 11 x H 10 cm
We staan achter de kwaliteit van onze producten. Als je om welke reden dan ook niet tevreden bent met je aankoop, neem dan gerust contact met ons op. Wij bieden 30 dagen niet-goed-geld-terug. 100% tevredenheids garantie voor risicoloos online winkelen!",https://poraenco-nl.myshopify.com/products/pora-co-digitale-camera-fototoestel-fotocamera-compact-camera-vlog-camera-voor-kinderen-inclusief-32gb,https://poraenco-nl.myshopify.com/products/pora-co-digitale-camera-fototoestel-fotocamera-compact-camera-vlog-camera-voor-kinderen-inclusief-32gb,https://cdn.shopify.com/s/files/1/0630/0178/8662/files/NDV07007.jpg?v=1744116260,https://cdn.shopify.com/s/files/1/0630/0178/8662/files/pora-co-digitale-camera-fototoestel-fotocamera-compact-vlog-362.jpg?v=1744116260,https://cdn.shopify.com/s/files/1/0630/0178/8662/files/pora-co-digitale-camera-fototoestel-fotocamera-compact-vlog-524.jpg?v=1744116260,https://cdn.shopify.com/s/files/1/0630/0178/8662/files/pora-co-digitale-camera-fototoestel-fotocamera-compact-vlog-115.jpg?v=1744116255,59.95,109.95,78,Pora&Co,8720828191330,Digital camera,0
51470305198421,"Digitale camera - Retro - Bruin","",https://poraenco-nl.myshopify.com/products/digitale-camera-retro-bruin,https://poraenco-nl.myshopify.com/products/digitale-camera-retro-bruin,https://cdn.shopify.com/s/files/1/0630/0178/8662/files/WhatsAppImage2025-09-15at03.05.41.jpg?v=1758114685,https://cdn.shopify.com/s/files/1/0630/0178/8662/files/WhatsAppImage2025-09-16at10.59.45_2.jpg?v=1758114685,https://cdn.shopify.com/s/files/1/0630/0178/8662/files/WhatsAppImage2025-09-15at03.05.43.jpg?v=1758114685,https://cdn.shopify.com/s/files/1/0630/0178/8662/files/WhatsAppImage2025-09-15at03.05.44_1.jpg?v=1758114685,59.95,119.95,50,Pora&Co,,,0
51470384660821,"Digitale camera - Retro - Zwart","",https://poraenco-nl.myshopify.com/products/digitale-camera-retro-zwart,https://poraenco-nl.myshopify.com/products/digitale-camera-retro-zwart,https://cdn.shopify.com/s/files/1/0630/0178/8662/files/WhatsAppImage2025-09-15at08.32.31_6.jpg?v=1758114476,https://cdn.shopify.com/s/files/1/0630/0178/8662/files/WhatsAppImage2025-09-16at10.59.45.jpg?v=1758114476,https://cdn.shopify.com/s/files/1/0630/0178/8662/files/WhatsAppImage2025-09-16at10.59.43.jpg?v=1758114476,https://cdn.shopify.com/s/files/1/0630/0178/8662/files/WhatsAppImage2025-09-15at08.32.31_5.jpg?v=1758114469,59.95,119.95,50,Pora&Co,8720828191521,,0
50702838989141,"Digitale Camera 4K - Inclusief Geheugenkaart - Zwart","Herbeleef je mooiste herinneringen met de Pora&amp;Co Digitale Compact Camera – de ideale metgezel voor jong en oud. Of je nu foto's maakt van je dagje uit of spontane video’s opneemt, deze camera staat garant voor gebruiksgemak, kwaliteit én plezier. Dankzij de handige selfiemodus maak je in een handomdraai prachtige selfies, perfect voor al je sociale media momenten.",https://poraenco-nl.myshopify.com/products/digitale-camera-4k-inclusief-geheugenkaart-zwart,https://poraenco-nl.myshopify.com/products/digitale-camera-4k-inclusief-geheugenkaart-zwart,https://cdn.shopify.com/s/files/1/0630/0178/8662/files/PoraCo_Listing_DigitaleCamera1.jpg?v=1745904695,https://cdn.shopify.com/s/files/1/0630/0178/8662/files/PoraCo_Listing_DigitaleCamera2.jpg?v=1745904695,https://cdn.shopify.com/s/files/1/0630/0178/8662/files/PoraCo_Listing_DigitaleCamera3.jpg?v=1745904696,https://cdn.shopify.com/s/files/1/0630/0178/8662/files/PoraCo_Listing_DigitaleCamera4.jpg?v=1745904696,99.95,199.95,16,Pora&Co,8720828191415,Digital camera,0
49980052701525,"Digitale fotolijst 17.8 cm - Acryl - HD+ - IPS display - USB-C - Touchscreen","Met de Acryl Digitale Fotolijst geniet je van al je favoriete herinneringen in haarscherpe kwaliteit! Deze stijlvolle fotolijst biedt een heldere en levendige weergave van je mooiste foto's en video's. Dankzij de Frameo-app kun je eenvoudig foto's uploaden en delen vanaf je smartphone, waar je ook bent. Nodig vrienden en familie uit om via de app foto's direct naar de fotolijst te sturen en houd iedereen op de hoogte van jouw speciale momenten.
Deel je foto's waar je ook bentDe digitale fotolijst van ons heeft een HD IPS scherm van 7 inch (ca. 17,8 cm) en heeft ingebouwde wifi waarmee je foto’s van vrienden en familie over de hele wereld kunt ontvangen. Met de gratis Frameo-app (Android &amp; i-OS) deel je foto’s, waar ter wereld je ook bent. Met de digitale fotolijst heb je altijd contact met dierbaren thuis, zelfs ver weg van huis.Gemakkelijk te gebruikenDe fotolijst is eenvoudig in te stellen en te gebruiken, zelfs door mensen die niet gewend zijn om computers of sociale media te gebruiken. Doe de stekker in het stopcontact, zet de fotolijst aan en stel met het touchscreen intuïtief je voorkeuren in.Meerdere positiesDe digitale fotolijst kan hangen of staan met een inklapbaar pootje, zowel verticaal als horizontaal. Het scherm draait automatisch mee, het kan allemaal.Hoogwaardig IPS SchermDe digitale fotolijst heeft ten opzichte van andere merken een Full HD IPS-paneel. Dit zorgt voor een superscherp beeldscherm om van elk detail van de foto te kunnen genieten. Deze mooie display heeft ook een extreem goede kijkhoek (178°) Dit wil zeggen dat je van moeilijkere kijkhoeken nog steeds het scherm goed kan blijven zien.Veilig in gebruikMet de digitale Fotolijst die in samenwerking met de Frameo® App word gebruikt, blijven alle foto’s goed beveiligd en privé. De foto’s worden lokaal op de fotolijst opgeslagen. Als eigenaar van de fotolijst bepaal je zelf van wie je foto’s wilt ontvangen. Stuur ze eenmalig een code en met een paar klikken zijn ze klaar om je wanneer ze maar willen foto’s te sturen.Perfect als cadeauVerras familie of vrienden met een digitale fotolijst. Deel de foto’s van de grote en de kleine mooie dingen in het leven. De ontvanger ziet meteen dat er nieuwe foto’s zijn. Breng een dagelijks geluksmoment in iemands leven. Geef een echt persoonlijk cadeau.Hoe het werkt:
- Selecteer de juiste taal.- Kies een naam voor jouw fotolijst- Verbind met het netwerk- Deel de code.- Ontvang foto's op jouw fotolijst!Of het nu gaat om een verzameling vakantiefoto’s, familiekiekjes of een slideshow van speciale momenten, de Acryl Digitale Fotolijst is de perfecte manier om je herinneringen tot leven te brengen en te delen met dierbaren. Plaats hem in je woonkamer, slaapkamer of kantoor en geniet elke dag opnieuw van de mooiste momenten!We staan achter de kwaliteit van onze producten. Als je om welke reden dan ook niet tevreden bent met je aankoop, neem dan gerust contact met ons op. Wij bieden 30 dagen niet-goed-geld-terug. 100% tevredenheids garantie voor risicoloos online winkel",https://poraenco-nl.myshopify.com/products/pora-co-digitale-fotolijst-7-inch-acryl-hd-ips-display-usb-c-touchscreen,https://poraenco-nl.myshopify.com/products/pora-co-digitale-fotolijst-7-inch-acryl-hd-ips-display-usb-c-touchscreen,https://cdn.shopify.com/s/files/1/0630/0178/8662/files/pora-co-digitale-fotolijst-17-8-cm-acryl-hd-ips-display-usb-c-253.jpg?v=1740057623,https://cdn.shopify.com/s/files/1/0630/0178/8662/files/pora-co-digitale-fotolijst-17-8-cm-acryl-hd-ips-display-usb-c-917.jpg?v=1740057627,https://cdn.shopify.com/s/files/1/0630/0178/8662/files/pora-co-digitale-fotolijst-17-8-cm-acryl-hd-ips-display-usb-c-425.jpg?v=1740057631,https://cdn.shopify.com/s/files/1/0630/0178/8662/files/pora-co-digitale-fotolijst-17-8-cm-acryl-hd-ips-display-usb-c-140.jpg?v=1740057636,89.95,189.95,88,Pora&Co,8720828191392,Digital photo frame,0
49506776580437,"Digitale fotolijst 25.4cm - Acryl - HD+ - IPS display - USB-C - Touchscreen","Met de Acryl Digitale Fotolijst geniet je van al je favoriete herinneringen in haarscherpe kwaliteit! Deze stijlvolle fotolijst biedt een heldere en levendige weergave van je mooiste foto's en video's. Dankzij de Frameo-app kun je eenvoudig foto's uploaden en delen vanaf je smartphone, waar je ook bent. Nodig vrienden en familie uit om via de app foto's direct naar de fotolijst te sturen en houd iedereen op de hoogte van jouw speciale momenten.
Deel je foto's waar je ook bentDe digitale fotolijst van ons heeft een HD IPS scherm van 10,1 inch (ca. 26 cm) en heeft ingebouwde wifi waarmee je foto’s van vrienden en familie over de hele wereld kunt ontvangen. Met de gratis Frameo-app (Android &amp; i-OS) deel je foto’s, waar ter wereld je ook bent. Met de digitale fotolijst heb je altijd contact met dierbaren thuis, zelfs ver weg van huis.Gemakkelijk te gebruikenDe fotolijst is eenvoudig in te stellen en te gebruiken, zelfs door mensen die niet gewend zijn om computers of sociale media te gebruiken. Doe de stekker in het stopcontact, zet de fotolijst aan en stel met het touchscreen intuïtief je voorkeuren in.Meerdere positiesDe digitale fotolijst kan hangen of staan met een inklapbaar pootje, zowel verticaal als horizontaal. Het scherm draait automatisch mee, het kan allemaal.Hoogwaardig IPS SchermDe digitale fotolijst heeft ten opzichte van andere merken een Full HD IPS-paneel. Dit zorgt voor een superscherp beeldscherm om van elk detail van de foto te kunnen genieten. Deze mooie display heeft ook een extreem goede kijkhoek (178°) Dit wil zeggen dat je van moeilijkere kijkhoeken nog steeds het scherm goed kan blijven zien.Veilig in gebruikMet de digitale Fotolijst die in samenwerking met de Frameo® App word gebruikt, blijven alle foto’s goed beveiligd en privé. De foto’s worden lokaal op de fotolijst opgeslagen. Als eigenaar van de fotolijst bepaal je zelf van wie je foto’s wilt ontvangen. Stuur ze eenmalig een code en met een paar klikken zijn ze klaar om je wanneer ze maar willen foto’s te sturen.Perfect als cadeauVerras familie of vrienden met een digitale fotolijst. Deel de foto’s van de grote en de kleine mooie dingen in het leven. De ontvanger ziet meteen dat er nieuwe foto’s zijn. Breng een dagelijks geluksmoment in iemands leven. Geef een echt persoonlijk cadeau.Hoe het werkt:
- Selecteer de juiste taal.- Kies een naam voor jouw fotolijst- Verbind met het netwerk- Deel de code.- Ontvang foto's op jouw fotolijst!Of het nu gaat om een verzameling vakantiefoto’s, familiekiekjes of een slideshow van speciale momenten, de Acryl Digitale Fotolijst is de perfecte manier om je herinneringen tot leven te brengen en te delen met dierbaren. Plaats hem in je woonkamer, slaapkamer of kantoor en geniet elke dag opnieuw van de mooiste momenten!We staan achter de kwaliteit van onze producten. Als je om welke reden dan ook niet tevreden bent met je aankoop, neem dan gerust contact met ons op. Wij bieden 30 dagen niet-goed-geld-terug. 100% tevredenheidsgarantie voor risicoloos online winkel",https://poraenco-nl.myshopify.com/products/pora-co-digitale-fotolijst-10-1-inch-acryl-hd-ips-display-usb-c-touchscreen,https://poraenco-nl.myshopify.com/products/pora-co-digitale-fotolijst-10-1-inch-acryl-hd-ips-display-usb-c-touchscreen,https://cdn.shopify.com/s/files/1/0630/0178/8662/files/pora-co-digitale-fotolijst-25-4cm-acryl-hd-ips-display-usb-c-707.jpg?v=1740057508,https://cdn.shopify.com/s/files/1/0630/0178/8662/files/pora-co-digitale-fotolijst-25-4cm-acryl-hd-ips-display-usb-c-539.jpg?v=1740057512,https://cdn.shopify.com/s/files/1/0630/0178/8662/files/pora-co-digitale-fotolijst-25-4cm-acryl-hd-ips-display-usb-c-461.jpg?v=1740057516,https://cdn.shopify.com/s/files/1/0630/0178/8662/files/pora-co-digitale-fotolijst-25-4cm-acryl-hd-ips-display-usb-c-370.jpg?v=1740057520,109.95,199.95,137,Pora&Co,8720828191361,Digital photo frame,0
43381327659254,"Digitale Fotolijst donker bruin/Wit Met Wifi & Frameo App - 17,8cm","Deze digitale fotolijst is voorzien van een 17.8cm IPS-beeldscherm met touch functie voor eenvoudige bediening. Verbind de fotolijst via wifi met het internet en deel je favoriete foto’s met de gratis Frameo (Android en iOS) app.
SpecificatiesMerk: Pora&amp;CoSchermgrootte: 8 inch HXB: 25 x 18.5 cmResolutie: 1280x800 (FULL HD)Geheugenkaart: Micro SD kaart max. 32 GB.Foto ondersteuning: JPG/JPEG/BMP/PNG/GIFVideo ondersteuning: MP4/MKV/MOV/AVi/MPG/FLV/3GPMuziek ondersteuning: MP3/WMA/OGG/AAC/APE/FLAC/WAV
Afmetingen: (b)18.5cm x (l) 25 cm x (d) 2 cm
 Intern geheugen: 8000 Foto's kunnen erop en 500 video's zonder Micro SD kaart.",https://poraenco-nl.myshopify.com/products/digitale-fotolijst-donker-bruin-wit-met-wifi-frameo-app-8-inch,https://poraenco-nl.myshopify.com/products/digitale-fotolijst-donker-bruin-wit-met-wifi-frameo-app-8-inch,https://cdn.shopify.com/s/files/1/0630/0178/8662/files/8f61040f5dc5e86e9e2dd10162f540b9.jpg?v=1743599902,https://cdn.shopify.com/s/files/1/0630/0178/8662/files/digitale-fotolijst-donker-bruin-wit-met-wifi-frameo-app-17-8cm-878.jpg?v=1743599902,https://cdn.shopify.com/s/files/1/0630/0178/8662/files/digitale-fotolijst-donker-bruin-wit-met-wifi-frameo-app-17-8cm-487.jpg?v=1743599902,https://cdn.shopify.com/s/files/1/0630/0178/8662/files/digitale-fotolijst-donker-bruin-wit-met-wifi-frameo-app-17-8cm-510.jpg?v=1743599902,89.95,139.95,99,Pora&Co,8720165162789,Digital photo frame,0
43381295677686,"Digitale Fotolijst Licht bruin/Wit Met Wifi & Frameo App - 17.8cm","Deze digitale fotolijst is voorzien van een 17.8cm IPS-beeldscherm met touch functie voor eenvoudige bediening. Verbind de fotolijst via wifi met het internet en deel je favoriete foto’s met de gratis Frameo (Android en iOS) app.
Deze digitale fotolijst is voorzien van een 17.8cm IPS-beeldscherm met touch functie voor eenvoudige bediening. Verbind de fotolijst via wifi met het internet en deel je favoriete foto’s met de gratis Frameo (Android en iOS) app.
SpecificatiesMerk: Pora&amp;CoSchermgrootte: 8 inch HXB: 25 x 18.5 cmResolutie: 1280x800 (FULL HD)Geheugenkaart: Micro SD kaart max. 32 GB.Foto ondersteuning: JPG/JPEG/BMP/PNG/GIFVideo ondersteuning: MP4/MKV/MOV/AVi/MPG/FLV/3GPMuziek ondersteuning: MP3/WMA/OGG/AAC/APE/FLAC/WAV
Afmetingen: (b)18.5cm x (l) 25 cm x (d) 2 cm
Intern geheugen: 8000 Foto's kunnen erop en 500 video's zonder Micro SD kaart.",https://poraenco-nl.myshopify.com/products/digitale-fotolijst-licht-bruin-wit-met-wifi-frameo-app-8-inch,https://poraenco-nl.myshopify.com/products/digitale-fotolijst-licht-bruin-wit-met-wifi-frameo-app-8-inch,https://cdn.shopify.com/s/files/1/0630/0178/8662/files/2.jpg?v=1743595585,https://cdn.shopify.com/s/files/1/0630/0178/8662/files/digitale-fotolijst-licht-bruin-wit-met-wifi-frameo-app-17-8cm-697.jpg?v=1743627496,https://cdn.shopify.com/s/files/1/0630/0178/8662/files/digitale-fotolijst-licht-bruin-wit-met-wifi-frameo-app-17-8cm-996.jpg?v=1743627496,https://cdn.shopify.com/s/files/1/0630/0178/8662/files/digitale-fotolijst-licht-bruin-wit-met-wifi-frameo-app-17-8cm-817.jpg?v=1743627496,89.95,139.95,19,Pora&Co,8720165162796,Digital photo frame,0
42662224888054,"Digitale fotolijst Wit & bruin hout met wifi & frameo app - 25.4cm","Deze digitale fotolijst is voorzien van een 25.4cm IPS-beeldscherm met touch functie voor eenvoudige bediening. Verbind de fotolijst via wifi met het internet en deel je favoriete foto’s met de gratis Frameo (Android en iOS) app.
SpecificatiesMerk: Pora&amp;CoSchermgrootte: 10 inch HXB: 29.2 x 21.1 cmResolutie: 1280x800 (FULL HD)Geheugenkaart: Micro SD kaart max. 32 GB.Foto ondersteuning: JPG/JPEG/BMP/PNG/GIFVideo ondersteuning: MP4/MKV/MOV/AVi/MPG/FLV/3GPMuziek ondersteuning: MP3/WMA/OGG/AAC/APE/FLAC/WAV
Afmetingen: (b)21.1 cm x (l) 29.2 cm x (d) 2 cm
Intern geheugen: 8000 Foto's kunnen erop en 500 video's zonder Micro SD kaart.

",https://poraenco-nl.myshopify.com/products/digitale-fotolijst-zwart-hout-met-wifi-frameo-app-10-inch-1,https://poraenco-nl.myshopify.com/products/digitale-fotolijst-zwart-hout-met-wifi-frameo-app-10-inch-1,https://cdn.shopify.com/s/files/1/0630/0178/8662/files/b944f29e57f34d04bcd4731093afdb53.jpg?v=1743600256,https://cdn.shopify.com/s/files/1/0630/0178/8662/files/digitale-fotolijst-wit-bruin-hout-met-wifi-frameo-app-25-4cm-536.jpg?v=1743600256,https://cdn.shopify.com/s/files/1/0630/0178/8662/files/digitale-fotolijst-wit-bruin-hout-met-wifi-frameo-app-25-4cm-896.jpg?v=1743600256,https://cdn.shopify.com/s/files/1/0630/0178/8662/files/digitale-fotolijst-wit-bruin-hout-met-wifi-frameo-app-25-4cm-143.jpg?v=1743600256,99.95,139.95,16,Pora&Co,8720165162765,Digital photo frame,0
46759140229461,"Digitale Fotolijst Wit Met Wifi & Frameo App - 25.4cm","Deze digitale fotolijst is voorzien van een 25.4cm IPS-beeldscherm met touch functie voor eenvoudige bediening. Verbind de fotolijst via wifi met het internet en deel je favoriete foto’s met de gratis Frameo (Android en iOS) app.
Specificaties
Merk: Pora&amp;CoSchermgrootte: 10 inch HXB: 26.2 x 18.1 cmResolutie: 1280x800 (FULL HD)Geheugenkaart: Micro SD kaart max. 32 GB.Foto ondersteuning: JPG/JPEG/BMP/PNG/GIFVideo ondersteuning: MP4/MKV/MOV/AVi/MPG/FLV/3GPMuziek ondersteuning: MP3/WMA/OGG/AAC/APE/FLAC/WAV
Afmetingen: (b)18.1 cm x (l) 26.2 cm x (d) 2 cm
Intern geheugen: 8000 Foto's kunnen erop en 500 video's zonder Micro SD kaart.
",https://poraenco-nl.myshopify.com/products/digitale-fotolijst-wit-met-wifi-frameo-app-10-inch,https://poraenco-nl.myshopify.com/products/digitale-fotolijst-wit-met-wifi-frameo-app-10-inch,https://cdn.shopify.com/s/files/1/0630/0178/8662/files/digitale-fotolijst-wit-met-wifi-frameo-app-25-4cm-857.jpg?v=1740056605,https://cdn.shopify.com/s/files/1/0630/0178/8662/files/digitale-fotolijst-wit-met-wifi-frameo-app-25-4cm-839.jpg?v=1743627563,https://cdn.shopify.com/s/files/1/0630/0178/8662/files/digitale-fotolijst-wit-met-wifi-frameo-app-25-4cm-392.jpg?v=1743627563,https://cdn.shopify.com/s/files/1/0630/0178/8662/files/digitale-fotolijst-wit-met-wifi-frameo-app-25-4cm-630.jpg?v=1743627563,99.95,149.95,29,Pora&Co,8720828191101,Digital photo frame,0
42964067451126,"Digitale Fotolijst Wit/Silver Met Wifi & Frameo App - 25.4cm","Deze digitale fotolijst is voorzien van een 25.4cm IPS-beeldscherm met touch functie voor eenvoudige bediening. Verbind de fotolijst via wifi met het internet en deel je favoriete foto’s met de gratis Frameo (Android en iOS) app.
SpecificatiesMerk: Pora&amp;CoSchermgrootte: 10 inch HXB: 29.2 x 21.1 cmResolutie: 1280x800 (FULL HD)Geheugenkaart: Micro SD kaart max. 32 GB.Foto ondersteuning: JPG/JPEG/BMP/PNG/GIFVideo ondersteuning: MP4/MKV/MOV/AVi/MPG/FLV/3GPMuziek ondersteuning: MP3/WMA/OGG/AAC/APE/FLAC/WAV
Afmetingen: (b)21.1 cm x (l) 29.2 cm x (d) 2 cm
Intern geheugen: 8000 Foto's kunnen erop en 500 video's zonder Micro SD kaart.
 

",https://poraenco-nl.myshopify.com/products/digitale-fotolijst-grijs-met-wifi-frameo-app-10-inch,https://poraenco-nl.myshopify.com/products/digitale-fotolijst-grijs-met-wifi-frameo-app-10-inch,https://cdn.shopify.com/s/files/1/0630/0178/8662/files/55d7cca15327a042cd9d84602802638e.jpg?v=1743599963,https://cdn.shopify.com/s/files/1/0630/0178/8662/files/digitale-fotolijst-wit-silver-met-wifi-frameo-app-25-4cm-307.jpg?v=1743599963,https://cdn.shopify.com/s/files/1/0630/0178/8662/files/digitale-fotolijst-wit-silver-met-wifi-frameo-app-25-4cm-667.jpg?v=1743599963,https://cdn.shopify.com/s/files/1/0630/0178/8662/files/digitale-fotolijst-wit-silver-met-wifi-frameo-app-25-4cm-496.jpg?v=1743599963,99.95,149.95,14,Pora&Co,8720165162758,Digital photo frame,0
43381600878838,"Digitale Fotolijst Zwart Hout Met Wifi & Frameo App - 17.8cm","Deze digitale fotolijst is voorzien van een 17.8cm IPS-beeldscherm met touch functie voor eenvoudige bediening. Verbind de fotolijst via wifi met het internet en deel je favoriete foto’s met de gratis Frameo (Android en iOS) app.
Deze digitale fotolijst is voorzien van een 17.8cm IPS-beeldscherm met touch functie voor eenvoudige bediening. Verbind de fotolijst via wifi met het internet en deel je favoriete foto’s met de gratis Frameo (Android en iOS) app.
SpecificatiesMerk: Pora&amp;CoSchermgrootte: 8 inch HXB: 25 x 18.5 cmResolutie: 1280x800 (FULL HD)Geheugenkaart: Micro SD kaart max. 32 GB.Foto ondersteuning: JPG/JPEG/BMP/PNG/GIFVideo ondersteuning: MP4/MKV/MOV/AVi/MPG/FLV/3GPMuziek ondersteuning: MP3/WMA/OGG/AAC/APE/FLAC/WAV
Afmetingen: (b)18.5cm x (l) 25 cm x (d) 2 cm
Intern geheugen: 8000 Foto's kunnen erop en 500 video's zonder Micro SD kaart.",https://poraenco-nl.myshopify.com/products/digitale-fotolijst-zwart-hout-met-wifi-frameo-app-8-inch,https://poraenco-nl.myshopify.com/products/digitale-fotolijst-zwart-hout-met-wifi-frameo-app-8-inch,https://cdn.shopify.com/s/files/1/0630/0178/8662/files/1000x1200.jpg?v=1743599606,https://cdn.shopify.com/s/files/1/0630/0178/8662/files/digitale-fotolijst-zwart-hout-met-wifi-frameo-app-17-8cm-403.jpg?v=1743599647,https://cdn.shopify.com/s/files/1/0630/0178/8662/files/digitale-fotolijst-zwart-hout-met-wifi-frameo-app-17-8cm-114.jpg?v=1743599647,https://cdn.shopify.com/s/files/1/0630/0178/8662/files/digitale-fotolijst-zwart-hout-met-wifi-frameo-app-17-8cm-207.jpg?v=1743599647,89.95,139.95,31,Pora&Co,8720165162772,Digital photo frame,0
42603260346614,"Digitale Fotolijst Zwart Hout Met Wifi & Frameo App - 25.4cm","Deze digitale fotolijst is voorzien van een 25.4cm IPS-beeldscherm met touch functie voor eenvoudige bediening. Verbind de fotolijst via wifi met het internet en deel je favoriete foto’s met de gratis Frameo (Android en iOS) app.
SpecificatiesMerk: Pora&amp;CoSchermgrootte: 10 inch HXB: 29.2 x 21.1 cmResolutie: 1280x800 (FULL HD)Geheugenkaart: Micro SD kaart max. 32 GB.Foto ondersteuning: JPG/JPEG/BMP/PNG/GIFVideo ondersteuning: MP4/MKV/MOV/AVi/MPG/FLV/3GPMuziek ondersteuning: MP3/WMA/OGG/AAC/APE/FLAC/WAV
Afmetingen: (b)21.1 cm x (l) 29.2 cm x (d) 2 cm
Intern geheugen: 8000 Foto's kunnen erop en 500 video's zonder Micro SD kaart.
 



",https://poraenco-nl.myshopify.com/products/digitale-fotolijst-zwart-hout-met-wifi-frameo-app-10-inch,https://poraenco-nl.myshopify.com/products/digitale-fotolijst-zwart-hout-met-wifi-frameo-app-10-inch,https://cdn.shopify.com/s/files/1/0630/0178/8662/files/872016516274_01.jpg?v=1743595461,https://cdn.shopify.com/s/files/1/0630/0178/8662/files/digitale-fotolijst-zwart-hout-met-wifi-frameo-app-25-4cm-131.jpg?v=1743627379,https://cdn.shopify.com/s/files/1/0630/0178/8662/files/digitale-fotolijst-zwart-hout-met-wifi-frameo-app-25-4cm-400.jpg?v=1743627379,https://cdn.shopify.com/s/files/1/0630/0178/8662/files/digitale-fotolijst-zwart-hout-met-wifi-frameo-app-25-4cm-310.jpg?v=1743627379,99.95,149.95,17,Pora&Co,8720165162741,Digital photo frame,0
50951863861589,"Digitale Fotolijst Zwart hout met Wifi and Frameo app 39cm","Deze digitale fotolijst is voorzien van een 39.6cm IPS-beeldscherm met touch functie voor eenvoudige bediening. Verbind de fotolijst via wifi met het internet en deel je favoriete foto’s met de gratis Frameo (Android en iOS) app.
SpecificatiesMerk: Pora&amp;CoSchermgrootte: 15.6 inch HXB: 38.2 x 24.9 cmResolutie: 1920x1080 (FULL HD)Geheugenkaart: USB Stick maximaal 32 GB.Foto ondersteuning: JPG/JPEG/BMP/PNG/GIFVideo ondersteuning: MP4/MKV/MOV/AVi/MPG/FLV/3GPMuziek ondersteuning: MP3/WMA/OGG/AAC/APE/FLAC/WAV
Afmetingen: (b)24.9 cm x (l) 38.2 cm x (d) 3 cm
Intern geheugen: 8000 Foto's kunnen erop en 500 video's zonder USB stick.
 ",https://poraenco-nl.myshopify.com/products/digitale-fotolijst-zwart-hout-met-wifi-and-frameo-app-39cm,https://poraenco-nl.myshopify.com/products/digitale-fotolijst-zwart-hout-met-wifi-and-frameo-app-39cm,https://cdn.shopify.com/s/files/1/0630/0178/8662/files/Artboard_1_5.jpg?v=1750479839,https://cdn.shopify.com/s/files/1/0630/0178/8662/files/Artboard_2_2.jpg?v=1750479839,https://cdn.shopify.com/s/files/1/0630/0178/8662/files/Artboard_3_5.jpg?v=1750479840,https://cdn.shopify.com/s/files/1/0630/0178/8662/files/Artboard5_8.jpg?v=1751445281,149.95,249.95,10,Pora&Co,8720828191477,Digital photo frame,0
42964061126902,"Digitale Fotolijst Zwart Met Wifi & Frameo App - 17.8cm","Deze digitale fotolijst is voorzien van een 17.8cm IPS-beeldscherm met touch functie voor eenvoudige bediening. Verbind de fotolijst via wifi met het internet en deel je favoriete foto’s met de gratis Frameo (Android en iOS) app.
Specificaties
Merk: Pora&amp;CoSchermgrootte: 8 inch HXB: 22 x 15.5 cmResolutie: 1280x800 (FULL HD)Geheugenkaart: Micro SD kaart max. 32 GB.Foto ondersteuning: JPG/JPEG/BMP/PNG/GIFVideo ondersteuning: MP4/MKV/MOV/AVi/MPG/FLV/3GPMuziek ondersteuning: MP3/WMA/OGG/AAC/APE/FLAC/WAV
Afmetingen: (b)15.5 cm x (l) 22 cm x (d) 2 cm
Intern geheugen: 8000 Foto's kunnen erop en 500 video's zonder Micro SD kaart.

",https://poraenco-nl.myshopify.com/products/digitale-fotolijst-zwart-met-wifi-frameo-app-8-inch,https://poraenco-nl.myshopify.com/products/digitale-fotolijst-zwart-met-wifi-frameo-app-8-inch,https://cdn.shopify.com/s/files/1/0630/0178/8662/files/digitale-fotolijst-zwart-met-wifi-frameo-app-17-8cm-970.jpg?v=1740056327,https://cdn.shopify.com/s/files/1/0630/0178/8662/files/digitale-fotolijst-zwart-met-wifi-frameo-app-17-8cm-426.jpg?v=1743627460,https://cdn.shopify.com/s/files/1/0630/0178/8662/files/digitale-fotolijst-zwart-met-wifi-frameo-app-17-8cm-829.jpg?v=1743627460,https://cdn.shopify.com/s/files/1/0630/0178/8662/files/digitale-fotolijst-zwart-met-wifi-frameo-app-17-8cm-615.jpg?v=1743627460,89.95,139.95,24,Pora&Co,8720165162642,Digital photo frame,0
42603279581430,"Digitale Fotolijst Zwart Met Wifi & Frameo App - 25.4cm","Deze digitale fotolijst is voorzien van een 25.4cm IPS-beeldscherm met touch functie voor eenvoudige bediening. Verbind de fotolijst via wifi met het internet en deel je favoriete foto’s met de gratis Frameo (Android en iOS) app. 
Specificaties
Merk: Pora&amp;CoSchermgrootte: 10 inch HXB: 26.2 x 18.1 cmResolutie: 1280x800 (FULL HD)Geheugenkaart: Micro SD kaart max. 32 GB.Foto ondersteuning: JPG/JPEG/BMP/PNG/GIFVideo ondersteuning: MP4/MKV/MOV/AVi/MPG/FLV/3GPMuziek ondersteuning: MP3/WMA/OGG/AAC/APE/FLAC/WAV
Afmetingen: (b)18.1 cm x (l) 26.2 cm x (d) 2 cm
Intern geheugen: 8000 Foto's kunnen erop en 500 video's zonder Micro SD kaart.


",https://poraenco-nl.myshopify.com/products/digitale-fotolijst-zwart-met-wifi-frameo-app-10-inch,https://poraenco-nl.myshopify.com/products/digitale-fotolijst-zwart-met-wifi-frameo-app-10-inch,https://cdn.shopify.com/s/files/1/0630/0178/8662/files/Hoofdafbeelding_zwart_1.jpg?v=1743595219,https://cdn.shopify.com/s/files/1/0630/0178/8662/files/digitale-fotolijst-zwart-met-wifi-frameo-app-25-4cm-814.jpg?v=1743627442,https://cdn.shopify.com/s/files/1/0630/0178/8662/files/digitale-fotolijst-zwart-met-wifi-frameo-app-25-4cm-641.jpg?v=1743627442,https://cdn.shopify.com/s/files/1/0630/0178/8662/files/digitale-fotolijst-zwart-met-wifi-frameo-app-25-4cm-292.jpg?v=1743627442,99.95,149.95,46,Pora&Co,8720165162192,Digital photo frame,0
44833097023734,"Digitale Fotolijst Zwart met Wifi and Frameo app 39cm","Deze digitale fotolijst is voorzien van een 39.6cm IPS-beeldscherm met touch functie voor eenvoudige bediening. Verbind de fotolijst via wifi met het internet en deel je favoriete foto’s met de gratis Frameo (Android en iOS) app.
SpecificatiesMerk: Pora&amp;CoSchermgrootte: 15.6 inch HXB: 38.2 x 24.9 cmResolutie: 1920x1080 (FULL HD)Geheugenkaart: USB Stick maximaal 32 GB.Foto ondersteuning: JPG/JPEG/BMP/PNG/GIFVideo ondersteuning: MP4/MKV/MOV/AVi/MPG/FLV/3GPMuziek ondersteuning: MP3/WMA/OGG/AAC/APE/FLAC/WAV
Afmetingen: (b)24.9 cm x (l) 38.2 cm x (d) 3 cm
Intern geheugen: 8000 Foto's kunnen erop en 500 video's zonder USB stick.
",https://poraenco-nl.myshopify.com/products/digitale-fotolijst-zwart-15-6-inch,https://poraenco-nl.myshopify.com/products/digitale-fotolijst-zwart-15-6-inch,https://cdn.shopify.com/s/files/1/0630/0178/8662/files/Pora_zwart_hoofd_V3Main_Image_2b3.jpg?v=1743595359,https://cdn.shopify.com/s/files/1/0630/0178/8662/files/digitale-fotolijst-zwart-39-6cm-elektronica-652.jpg?v=1743627541,https://cdn.shopify.com/s/files/1/0630/0178/8662/files/digitale-fotolijst-zwart-39-6cm-elektronica-955.jpg?v=1743627541,https://cdn.shopify.com/s/files/1/0630/0178/8662/files/digitale-fotolijst-zwart-39-6cm-elektronica-325.jpg?v=1743627541,149.95,249.95,18,Pora&Co,8720828191040,Digital photo frame,0
47756858622293,"Fotopapier  - Instant Camera navulling T02 - Pora&Co","Fotopapier navulling voor pocket printer en Instant Camera",https://poraenco-nl.myshopify.com/products/fotopapier-t02-pora-co,https://poraenco-nl.myshopify.com/products/fotopapier-t02-pora-co,https://cdn.shopify.com/s/files/1/0630/0178/8662/files/fotopapier-t02-pora-co-617.png?v=1740057205,https://cdn.shopify.com/s/files/1/0630/0178/8662/files/fotopapier-t02-pora-co-709.jpg?v=1740057209,https://cdn.shopify.com/s/files/1/0630/0178/8662/files/fotopapier-t02-pora-co-266.jpg?v=1740057213,https://cdn.shopify.com/s/files/1/0630/0178/8662/files/fotopapier-t02-pora-co-721.jpg?v=1740057217,14.95,39.95,77,Pora&Co,8720828191224,Pocket printers,0
47756839747925,"Fotopapier en stickerpapier navulling pocket printer of Instant Camera - C15","Fotopapier en stickerpapier navulling pocket printer of Instant Camera- C15",https://poraenco-nl.myshopify.com/products/fotopapier-en-stickerpapier-navulling-pocket-printer-c15,https://poraenco-nl.myshopify.com/products/fotopapier-en-stickerpapier-navulling-pocket-printer-c15,https://cdn.shopify.com/s/files/1/0630/0178/8662/files/fotopapier-en-stickerpapier-navulling-pocket-printer-c15-511.jpg?v=1740057188,https://cdn.shopify.com/s/files/1/0630/0178/8662/files/fotopapier-en-stickerpapier-navulling-pocket-printer-c15-714.jpg?v=1740057193,https://cdn.shopify.com/s/files/1/0630/0178/8662/files/fotopapier-en-stickerpapier-navulling-pocket-printer-c15-448.jpg?v=1740057197,,19.95,39.95,89,Pora&Co,8720828191231,Photo paper – Pocket printers,0
50850157396309,"Geheugenkaart 16GB - Digitale fotolijst","Uitbreidbaar Geheugen voor je Digitale Fotolijst – Pora&amp;Co Geheugenkaart
Breid moeiteloos het geheugen van je Pora&amp;Co digitale fotolijst uit met deze handige geheugenkaart. Ideaal voor iedereen die nóg meer dierbare herinneringen, foto's en video's wil opslaan zonder afhankelijk te zijn van het interne geheugen.
Met deze extra geheugenkaart heb je altijd voldoende ruimte om je mooiste momenten te bewaren – van vakanties en verjaardagen tot spontane snapshots. Plaats de kaart eenvoudig in de geheugenkaartsleuf van je fotolijst en geniet direct van extra opslagcapaciteit.
Kenmerken:


Geschikt voor Pora&amp;Co digitale fotolijsten


Plug &amp; Play: direct klaar voor gebruik


Snel en betrouwbaar opslaan van foto's en video's


Of je nu je digitale fotolijst voor jezelf gebruikt of cadeau doet, met deze geheugenkaart geef je extra ruimte voor eindeloos veel herinneringen.",https://poraenco-nl.myshopify.com/products/geheugenkaart-16gb-digitale-fotolijst,https://poraenco-nl.myshopify.com/products/geheugenkaart-16gb-digitale-fotolijst,https://cdn.shopify.com/s/files/1/0630/0178/8662/files/WhatsAppImage2025-05-26at18.40.47.jpg?v=1748376555,https://cdn.shopify.com/s/files/1/0630/0178/8662/files/WhatsAppImage2025-05-26at19.15.08.jpg?v=1748376555,,,14.95,14.95,85,Pora&Co,872083211245,Accessories,0
47376550330709,"Mini Fotoprinter Voor Smartphone & pocket printer"," 
De Mini Fotoprinter voor Smartphone met Phomemo App is een compacte en handige fotoprinter die speciaal is ontworpen om uw favoriete smartphonefoto's tot leven te brengen. Met deze draagbare printer kunt u moeiteloos hoogwaardige foto's afdrukken waar u ook bent, direct vanaf uw smartphone.
Belangrijkste kenmerken:


Draagbaar en Compact: Deze mini fotoprinter is klein genoeg om in uw tas of zak te passen, waardoor hij ideaal is voor onderweg. Neem hem mee naar feestjes, reizen, bruiloften of gewoon voor dagelijks gebruik.


Eenvoudige Bediening: Dankzij de intuïtieve Phomemo app is het afdrukken van foto's een fluitje van een cent. Verbind de printer eenvoudig met uw smartphone via Bluetooth, selecteer uw foto's en druk op afdrukken.


Hoogwaardige Afdrukken: De fotoprinter levert afdrukken in zwart/wit.


Aanpassingsmogelijkheden: Met de Phomemo app kunt u uw foto's aanpassen voordat u ze afdrukt. Pas filters, kaders en bijschriften toe om uw herinneringen nog specialer te maken.


Zelfklevend Papier: De printer maakt gebruik van zelfklevend papier, zodat u uw foto's direct kunt gebruiken als stickers. Versier uw dagboek, agenda, scrapbook of kamer met uw favoriete momenten.


Diverse Papierformaten: U kunt kiezen uit verschillende papierformaten, zoals vierkant, rechthoekig of andere creatieve ontwerpen, afhankelijk van uw voorkeur en behoeften.


Heroplaadbare Batterij: De ingebouwde heroplaadbare batterij zorgt ervoor dat u overal kunt afdrukken zonder dat u zich zorgen hoeft te maken over stopcontacten.


Compatibiliteit: De Phomemo app is beschikbaar voor zowel iOS- als Android-apparaten, waardoor deze fotoprinter compatibel is met de meeste smartphones.


De Mini Fotoprinter voor Smartphone met Phomemo App biedt een leuke en creatieve manier om uw herinneringen vast te leggen en te delen met vrienden en familie. Het is een geweldig cadeau-idee voor iedereen die van fotografie en personalisatie houdt. Maak van uw smartphonefoto's tastbare aandenkens met deze handige printer.",https://poraenco-nl.myshopify.com/products/mini-fotoprinter-voor-smartphone-pocket-printer,https://poraenco-nl.myshopify.com/products/mini-fotoprinter-voor-smartphone-pocket-printer,https://cdn.shopify.com/s/files/1/0630/0178/8662/files/mini-fotoprinter-voor-smartphone-pocket-printer-419.jpg?v=1740056912,https://cdn.shopify.com/s/files/1/0630/0178/8662/files/mini-fotoprinter-voor-smartphone-pocket-printer-146.jpg?v=1740056916,https://cdn.shopify.com/s/files/1/0630/0178/8662/files/mini-fotoprinter-voor-smartphone-pocket-printer-129.jpg?v=1740056921,https://cdn.shopify.com/s/files/1/0630/0178/8662/files/mini-fotoprinter-voor-smartphone-pocket-printer-469.jpg?v=1740056925,44.95,90.00,84,Pora&Co,8720828191170,Pocket printers,0
47731852902741,"Mini Fotoprinter Voor Smartphone - Licht groen"," 

De Mini Fotoprinter voor Smartphone met Phomemo App is een compacte en handige fotoprinter die speciaal is ontworpen om uw favoriete smartphonefoto's tot leven te brengen. Met deze draagbare printer kunt u moeiteloos hoogwaardige foto's afdrukken waar u ook bent, direct vanaf uw smartphone.
Belangrijkste kenmerken:


Draagbaar en Compact: Deze mini fotoprinter is klein genoeg om in uw tas of zak te passen, waardoor hij ideaal is voor onderweg. Neem hem mee naar feestjes, reizen, bruiloften of gewoon voor dagelijks gebruik.


Eenvoudige Bediening: Dankzij de intuïtieve Phomemo app is het afdrukken van foto's een fluitje van een cent. Verbind de printer eenvoudig met uw smartphone via Bluetooth, selecteer uw foto's en druk op afdrukken.


Hoogwaardige Afdrukken:  De foto's worden in zwart/wit afgedrukt.


Aanpassingsmogelijkheden: Met de Phomemo app kunt u uw foto's aanpassen voordat u ze afdrukt. Pas filters, kaders en bijschriften toe om uw herinneringen nog specialer te maken.


Zelfklevend Papier: De printer maakt gebruik van zelfklevend papier, zodat u uw foto's direct kunt gebruiken als stickers. Versier uw dagboek, agenda, scrapbook of kamer met uw favoriete momenten.


Diverse Papierformaten: U kunt kiezen uit verschillende papierformaten, zoals vierkant, rechthoekig of andere creatieve ontwerpen, afhankelijk van uw voorkeur en behoeften.


Heroplaadbare Batterij: De ingebouwde heroplaadbare batterij zorgt ervoor dat u overal kunt afdrukken zonder dat u zich zorgen hoeft te maken over stopcontacten.


Compatibiliteit: De Phomemo app is beschikbaar voor zowel iOS- als Android-apparaten, waardoor deze fotoprinter compatibel is met de meeste smartphones.


De Mini Fotoprinter voor Smartphone met Phomemo App biedt een leuke en creatieve manier om uw herinneringen vast te leggen en te delen met vrienden en familie. Het is een geweldig cadeau-idee voor iedereen die van fotografie en personalisatie houdt. Maak van uw smartphonefoto's tastbare aandenkens met deze handige printer.",https://poraenco-nl.myshopify.com/products/pora-co-mini-fotoprinter-voor-smartphone-licht-groen,https://poraenco-nl.myshopify.com/products/pora-co-mini-fotoprinter-voor-smartphone-licht-groen,https://cdn.shopify.com/s/files/1/0630/0178/8662/files/pora-co-mini-fotoprinter-voor-smartphone-licht-groen-171.jpg?v=1740057050,https://cdn.shopify.com/s/files/1/0630/0178/8662/files/pora-co-mini-fotoprinter-voor-smartphone-licht-groen-921.jpg?v=1740057054,https://cdn.shopify.com/s/files/1/0630/0178/8662/files/pora-co-mini-fotoprinter-voor-smartphone-licht-groen-268.jpg?v=1740057058,https://cdn.shopify.com/s/files/1/0630/0178/8662/files/pora-co-mini-fotoprinter-voor-smartphone-licht-groen-881.jpg?v=1740057063,44.95,89.95,92,Pora&Co,8720828191255,Pocket printers,0
47731866042709,"Mini Fotoprinter Voor Smartphone - Roze"," 

De Mini Fotoprinter voor Smartphone met Phomemo App is een compacte en handige fotoprinter die speciaal is ontworpen om uw favoriete smartphonefoto's tot leven te brengen. Met deze draagbare printer kunt u moeiteloos hoogwaardige foto's afdrukken waar u ook bent, direct vanaf uw smartphone.
Belangrijkste kenmerken:


Draagbaar en Compact: Deze mini fotoprinter is klein genoeg om in uw tas of zak te passen, waardoor hij ideaal is voor onderweg. Neem hem mee naar feestjes, reizen, bruiloften of gewoon voor dagelijks gebruik.


Eenvoudige Bediening: Dankzij de intuïtieve Phomemo app is het afdrukken van foto's een fluitje van een cent. Verbind de printer eenvoudig met uw smartphone via Bluetooth, selecteer uw foto's en druk op afdrukken.


Hoogwaardige Afdrukken: De foto's worden in zwart/wit afgedrukt.


Aanpassingsmogelijkheden: Met de Phomemo app kunt u uw foto's aanpassen voordat u ze afdrukt. Pas filters, kaders en bijschriften toe om uw herinneringen nog specialer te maken.


Zelfklevend Papier: De printer maakt gebruik van zelfklevend papier, zodat u uw foto's direct kunt gebruiken als stickers. Versier uw dagboek, agenda, scrapbook of kamer met uw favoriete momenten.


Diverse Papierformaten: U kunt kiezen uit verschillende papierformaten, zoals vierkant, rechthoekig of andere creatieve ontwerpen, afhankelijk van uw voorkeur en behoeften.


Heroplaadbare Batterij: De ingebouwde heroplaadbare batterij zorgt ervoor dat u overal kunt afdrukken zonder dat u zich zorgen hoeft te maken over stopcontacten.


Compatibiliteit: De Phomemo app is beschikbaar voor zowel iOS- als Android-apparaten, waardoor deze fotoprinter compatibel is met de meeste smartphones.


De Mini Fotoprinter voor Smartphone met Phomemo App biedt een leuke en creatieve manier om uw herinneringen vast te leggen en te delen met vrienden en familie. Het is een geweldig cadeau-idee voor iedereen die van fotografie en personalisatie houdt. Maak van uw smartphonefoto's tastbare aandenkens met deze handige printer.",https://poraenco-nl.myshopify.com/products/pora-co-mini-fotoprinter-voor-smartphone-roze,https://poraenco-nl.myshopify.com/products/pora-co-mini-fotoprinter-voor-smartphone-roze,https://cdn.shopify.com/s/files/1/0630/0178/8662/files/pora-co-mini-fotoprinter-voor-smartphone-roze-234.jpg?v=1740057092,https://cdn.shopify.com/s/files/1/0630/0178/8662/files/pora-co-mini-fotoprinter-voor-smartphone-roze-447.jpg?v=1740057097,https://cdn.shopify.com/s/files/1/0630/0178/8662/files/pora-co-mini-fotoprinter-voor-smartphone-roze-164.jpg?v=1740057101,https://cdn.shopify.com/s/files/1/0630/0178/8662/files/pora-co-mini-fotoprinter-voor-smartphone-roze-610.jpg?v=1740057105,44.95,89.95,95,Pora&Co,8720828191248,Pocket printers,0
47376582967637,"Mini Printer voor Mobiel - Fotoprinter voor Smartphone - Groen","
De Mini Fotoprinter met FunPrint App is de perfecte metgezel voor iedereen die van herinneringen houdt en deze graag tastbaar maakt. Of je nu op vakantie bent, een feestje hebt of gewoon leuke momenten met vrienden beleeft, deze handige fotoprinter maakt het eenvoudig om je favoriete foto's af te drukken en te delen. Met een gebruiksvriendelijke app en een bundel papierrollen kun je direct aan de slag!
Belangrijkste kenmerken:


FunPrint App: Download onze FunPrint App op je smartphone en verbind deze eenvoudig met de Mini Fotoprinter via Bluetooth. Met de app kun je foto's bewerken, filters toevoegen, tekst en stickers invoegen voordat je ze afdrukt. Het is leuk en gemakkelijk!


Diverse Papierrollen: Deze bundel wordt geleverd met 5 rollen plakpapier, 5 rollen wit papier en 3 rollen kleurpapier, zodat je jouw foto's kunt afdrukken op verschillende ondergronden en effecten kunt creëren. Het plakpapier is handig om je foto's direct in albums of scrapbooks te plakken.


Creatieve Opties: Voeg kleur toe aan je afdrukken met de meegeleverde 5 gekleurde schetsen. Maak je foto's nog levendiger en unieker!


USB-Kabel: Opladen en verbinden is eenvoudig met de meegeleverde USB-kabel. Je kunt de Mini Fotoprinter snel opladen en afdrukken vanaf je computer of een geschikte adapter.


Deze Mini Fotoprinter met FunPrint App en Papierbundel is de perfecte manier om je herinneringen vast te leggen en te delen. Of je nu foto's in je kamer wilt ophangen, een scrapbook wilt maken of gewoon wat creatieve plezier wilt beleven, deze printer staat voor je klaar. Bestel de jouwe vandaag nog en begin met het afdrukken van mooie herinneringen!",https://poraenco-nl.myshopify.com/products/mini-printer-voor-mobiel-fotoprinter-voor-smartphone-groen,https://poraenco-nl.myshopify.com/products/mini-printer-voor-mobiel-fotoprinter-voor-smartphone-groen,https://cdn.shopify.com/s/files/1/0630/0178/8662/files/mini-printer-voor-mobiel-fotoprinter-smartphone-groen-222.png?v=1740056957,https://cdn.shopify.com/s/files/1/0630/0178/8662/files/mini-printer-voor-mobiel-fotoprinter-smartphone-groen-855.png?v=1740056963,https://cdn.shopify.com/s/files/1/0630/0178/8662/files/mini-printer-voor-mobiel-fotoprinter-smartphone-groen-139.jpg?v=1740056967,https://cdn.shopify.com/s/files/1/0630/0178/8662/files/mini-printer-voor-mobiel-fotoprinter-smartphone-groen-807.png?v=1740056973,34.95,79.95,90,Pora&Co,8720828191163,Pocket printers,0
47731868139861,"Mini Printer voor Mobiel - Fotoprinter voor Smartphone - Roze","
De Mini Fotoprinter met FunPrint App is de perfecte metgezel voor iedereen die van herinneringen houdt en deze graag tastbaar maakt. Of je nu op vakantie bent, een feestje hebt of gewoon leuke momenten met vrienden beleeft, deze handige fotoprinter maakt het eenvoudig om je favoriete foto's af te drukken en te delen. Met een gebruiksvriendelijke app en een bundel papierrollen kun je direct aan de slag!
Belangrijkste kenmerken:


FunPrint App: Download onze FunPrint App op je smartphone en verbind deze eenvoudig met de Mini Fotoprinter via Bluetooth. Met de app kun je foto's bewerken, filters toevoegen, tekst en stickers invoegen voordat je ze afdrukt. Het is leuk en gemakkelijk!


Diverse Papierrollen: Deze bundel wordt geleverd met 5 rollen plakpapier, 3 rollen wit papier en 3 rollen kleurpapier, zodat je jouw foto's kunt afdrukken op verschillende ondergronden en effecten kunt creëren. Het plakpapier is handig om je foto's direct in albums of scrapbooks te plakken.


Creatieve Opties: Voeg kleur toe aan je afdrukken met de meegeleverde 5 gekleurde schetsen. Maak je foto's nog levendiger en unieker!


USB-Kabel: Opladen en verbinden is eenvoudig met de meegeleverde USB-kabel. Je kunt de Mini Fotoprinter snel opladen en afdrukken vanaf je computer of een geschikte adapter.


Deze Mini Fotoprinter met FunPrint App en Papierbundel is de perfecte manier om je herinneringen vast te leggen en te delen. Of je nu foto's in je kamer wilt ophangen, een scrapbook wilt maken of gewoon wat creatieve plezier wilt beleven, deze printer staat voor je klaar. Bestel de jouwe vandaag nog en begin met het afdrukken van mooie herinneringen!",https://poraenco-nl.myshopify.com/products/mini-printer-voor-mobiel-fotoprinter-voor-smartphone-roze,https://poraenco-nl.myshopify.com/products/mini-printer-voor-mobiel-fotoprinter-voor-smartphone-roze,https://cdn.shopify.com/s/files/1/0630/0178/8662/files/mini-printer-voor-mobiel-fotoprinter-smartphone-roze-422.png?v=1740057139,https://cdn.shopify.com/s/files/1/0630/0178/8662/files/mini-printer-voor-mobiel-fotoprinter-smartphone-roze-436.png?v=1740057144,https://cdn.shopify.com/s/files/1/0630/0178/8662/files/mini-printer-voor-mobiel-fotoprinter-smartphone-roze-381.png?v=1740057150,https://cdn.shopify.com/s/files/1/0630/0178/8662/files/mini-printer-voor-mobiel-fotoprinter-smartphone-roze-137.png?v=1740057155,34.95,79.95,95,Pora&Co,8720828191200,Pocket printers,0
48068261118293,"Portable Game monitor met Touchscreen 39.6cm","Beleef je games zoals nooit tevoren met onze 39.6 cm Portable Gaming Monitor Touchscreen. Deze compacte maar krachtige monitor is speciaal ontworpen voor gamers die onderweg geen compromis willen sluiten op beeldkwaliteit en prestaties.
Deze Portable monitor is geschikt voor Xbox, Playstation, Wii en andere consoles.
 Belangrijkste Kenmerken:
Ultieme Beeldkwaliteit


Full HD-resolutie (1920 x 1080): Geniet van haarscherpe beelden en levendige kleuren, ideaal voor het spotten van elke vijand en het bewonderen van prachtige spelomgevingen.

IPS-paneel: Biedt brede kijkhoeken en consistente kleuren, zodat je vanuit elke positie van het scherm kunt genieten zonder vervorming.

Snelle Reactietijd en Vloeiende Bewegingen


60Hz verversingssnelheid: Ervaar soepelere gameplay en verminderde bewegingsonscherpte, cruciaal voor snelle actiespellen en sportgames.

5ms reactietijd: Minimaliseer input-lag en reageer sneller op wat er op het scherm gebeurt, wat je een voorsprong geeft in competitieve games.

Draagbaarheid en Gebruiksgemak


Slank en lichtgewicht ontwerp: Met zijn ultradunne profiel en lichte gewicht is deze monitor eenvoudig mee te nemen in je rugzak of koffer, perfect voor LAN-parties, vakanties of gewoon onderweg.

Ingebouwde batterij: Speel je favoriete games overal zonder afhankelijk te zijn van een stopcontact. De lange batterijduur zorgt voor urenlang speelplezier.

Plug-and-Play: Eenvoudige connectiviteit via USB-C of HDMI maakt het mogelijk om snel je laptop, console of smartphone aan te sluiten zonder gedoe.

Extra's voor Gamers


Kantelbare standaard: Pas de hoek van de monitor eenvoudig aan voor de meest comfortabele kijkervaring, of je nu aan een bureau zit of op een bank ligt.

Ingebouwde luidsprekers: Hoogwaardige audio-ervaring zonder dat je extra speakers hoeft mee te nemen. Perfect voor onderweg of in kleine ruimtes.

Compatibel met VESA-montage: Bevestig de monitor aan een monitorarm of wandbeugel voor een permanente opstelling thuis.

 Let op:
-       De HDMI-aansluiting zorgt alleen voor signaal. De USB-C dient als voeding en signaal. Bij gebruik van smartphone in combinatie met de portable monitor dient de monitor ook op netstroom te worden aangesloten. Bij gebruik in combinatie met PC hoeft dit niet.
-        Check van te voren of uw telefoon MHL (Mobile High-Definition Link) ondersteunt. Sommige oude telefoons ondersteunen dit niet.
Geschikt voor meerdere apparaten
Compatibel met PC, Android-telefoons, iPhone (met adapter), Mac, PS5 en Xbox voor ultieme flexibiliteit.
 Twee USB Type-C 3.1-poorten
Profiteer van extra connectiviteitsopties en de mogelijkheid om de monitor rechtstreeks van stroom te voorzien via je PC, mits deze dat ondersteunt.
Specifiek Ontworpen voor Gamers
 Deze portable gaming monitor is niet alleen een extra scherm, maar een essentieel onderdeel van je gaming setup. Of je nu geniet van een episch avontuur, deelneemt aan een intense online strijd of gewoon je favoriete stream kijkt, deze monitor levert altijd topprestaties.
Ontdek het gemak van gamen waar je maar wilt met onze 39.6 cm Portable Gaming Monitor Touchscreen. Maak je klaar om je game-ervaring naar een hoger niveau te tillen!",https://poraenco-nl.myshopify.com/products/portable-game-monitor-touchscreen-15-6-inch,https://poraenco-nl.myshopify.com/products/portable-game-monitor-touchscreen-15-6-inch,https://cdn.shopify.com/s/files/1/0630/0178/8662/files/Artboard1_2.jpg?v=1747836465,https://cdn.shopify.com/s/files/1/0630/0178/8662/files/portable-game-monitor-met-touchscreen-39-6cm-elektronica-315.png?v=1747836465,https://cdn.shopify.com/s/files/1/0630/0178/8662/files/portable-game-monitor-met-touchscreen-39-6cm-elektronica-644.png?v=1747836465,https://cdn.shopify.com/s/files/1/0630/0178/8662/files/Artboard10_1.jpg?v=1747836465,149.95,279.95,15,Pora&Co,8720828191422,Portable monitor,0
47208207253845,"Portable monitor 47 cm voor gaming","Beleef je games zoals nooit tevoren met onze 47 cm Portable Gaming Monitor. Deze compacte maar krachtige monitor is speciaal ontworpen voor gamers die onderweg geen compromis willen sluiten op beeldkwaliteit en prestaties.
Deze Portable monitor is geschikt voor Xbox, Playstation, Wii en andere consoles.
Belangrijkste Kenmerken:
Ultieme Beeldkwaliteit


Full HD-resolutie (1920 x 1080): Geniet van haarscherpe beelden en levendige kleuren, ideaal voor het spotten van elke vijand en het bewonderen van prachtige spelomgevingen.

IPS-paneel: Biedt brede kijkhoeken en consistente kleuren, zodat je vanuit elke positie van het scherm kunt genieten zonder vervorming.

Snelle Reactietijd en Vloeiende Bewegingen


100Hz verversingssnelheid: Ervaar soepelere gameplay en verminderde bewegingsonscherpte, cruciaal voor snelle actiespellen en sportgames.

5ms reactietijd: Minimaliseer input-lag en reageer sneller op wat er op het scherm gebeurt, wat je een voorsprong geeft in competitieve games.

Draagbaarheid en Gebruiksgemak


Slank en lichtgewicht ontwerp: Met zijn ultradunne profiel en lichte gewicht is deze monitor eenvoudig mee te nemen in je rugzak of koffer, perfect voor LAN-parties, vakanties of gewoon onderweg.

Ingebouwde batterij: Speel je favoriete games overal zonder afhankelijk te zijn van een stopcontact. De lange batterijduur zorgt voor urenlang speelplezier.

Plug-and-Play: Eenvoudige connectiviteit via USB-C of HDMI maakt het mogelijk om snel je laptop, console of smartphone aan te sluiten zonder gedoe.

Extra's voor Gamers


Kantelbare standaard: Pas de hoek van de monitor eenvoudig aan voor de meest comfortabele kijkervaring, of je nu aan een bureau zit of op een bank ligt.

Ingebouwde luidsprekers: Hoogwaardige audio-ervaring zonder dat je extra speakers hoeft mee te nemen. Perfect voor onderweg of in kleine ruimtes.

Compatibel met VESA-montage: Bevestig de monitor aan een monitorarm of wandbeugel voor een permanente opstelling thuis

Let op:
De HDMI-aansluiting zorgt alleen voor signaal. De USB-C dient als voeding en signaal. Bij gebruik van smartphone in combinatie met de portable monitor dient de monitor ook op netstroom te worden aangesloten. Bij gebruik in combinatie met PC hoeft dit niet.
Check van tevoren of uw telefoon MHL (Mobile High-Definition Link) ondersteunt. Sommige oude telefoons ondersteunen dit niet.
Geschikt voor meerdere apparaten
Compatibel met PC, Android-telefoons, iPhone (met adapter), Mac, PS5 en Xbox voor ultieme flexibiliteit.
Twee USB Type-C 3.1-poorten
Profiteer van extra connectiviteitsopties en de mogelijkheid om de monitor rechtstreeks van stroom te voorzien via je PC, mits deze dat ondersteunt
Specifiek Ontworpen voor Gamers
Deze portable gaming monitor is niet alleen een extra scherm, maar een essentieel onderdeel van je gaming setup. Of je nu geniet van een episch avontuur, deelneemt aan een intense online strijd of gewoon je favoriete stream kijkt, deze monitor levert altijd topprestaties.
Ontdek het gemak van gamen waar je maar wilt met onze 47 cm Portable Gaming Monitor. Maak je klaar om je game-ervaring naar een hoger niveau te tillen!
",https://poraenco-nl.myshopify.com/products/portable-monitor-18-5-inch,https://poraenco-nl.myshopify.com/products/portable-monitor-18-5-inch,https://cdn.shopify.com/s/files/1/0630/0178/8662/files/WhatsApp_Image_2025-05-24_at_18.00.12.jpg?v=1748167260,https://cdn.shopify.com/s/files/1/0630/0178/8662/files/portable-monitor-47-cm-voor-gaming-126.png?v=1748167260,https://cdn.shopify.com/s/files/1/0630/0178/8662/files/Artboard8_4.jpg?v=1748167260,https://cdn.shopify.com/s/files/1/0630/0178/8662/files/Artboard4_5.jpg?v=1748167260,219.95,399.95,11,Pora&Co,8720828191156,Portable monitor,0
50994518557013,"Portable monitor met touchscreen 39.6CM.","Professionele beeldkwaliteit in een compact, mobiel ontwerp
Deze 15.6 inch draagbare monitor combineert geavanceerde technologie met een strak, functioneel design, en is daarmee uitermate geschikt voor professioneel gebruik op kantoor, onderweg of op locatie. Dankzij de ingebouwde metalen standaard en hoogwaardige afwerking is dit scherm niet alleen praktisch, maar ook duurzaam en stijlvol.
Specificaties en kenmerken:


Full HD IPS-scherm (1920x1080)Biedt scherpe beeldweergave, natuurgetrouwe kleurweergave en brede kijkhoeken voor een optimale visuele ervaring.


Veelzijdige connectiviteitVoorzien van zowel USB-C als HDMI-aansluitingen, waardoor eenvoudige koppeling met laptops, tablets, smartphones en spelcomputers mogelijk is, zonder installatie van extra software.


Ingebouwde metalen standaardDe robuuste standaard zorgt voor stabiliteit en biedt een instelbare kijkhoek, zodat ergonomisch werken in diverse situaties mogelijk is.


Draagbaar en lichtgewichtMet een slank profiel en gering gewicht is deze monitor eenvoudig te vervoeren, en daarmee ideaal voor zakelijke reizen, presentaties of werken op afstand.


Voeding via USB-CEén kabel volstaat voor zowel beeldsignaal als voeding (afhankelijk van het apparaat), wat zorgt voor een opgeruimde en efficiënte werkplek.


Inbegrepen accessoires:


USB-C naar USB-C kabel


HDMI naar mini-HDMI kabel


USB-A naar USB-C voedingskabel


Gebruikershandleiding


Toepassingen:Geschikt als tweede scherm voor laptops, als mobiele monitor voor zakelijke presentaties, of als uitbreiding voor creatieve professionals, developers en consultants die behoefte hebben aan een flexibele werkplek",https://poraenco-nl.myshopify.com/products/portable-monitor-met-touchscreen-39-6cm,https://poraenco-nl.myshopify.com/products/portable-monitor-met-touchscreen-39-6cm,https://cdn.shopify.com/s/files/1/0630/0178/8662/files/NDV05233_smaller.jpg?v=1755162850,https://cdn.shopify.com/s/files/1/0630/0178/8662/files/NDV05294_smaller.jpg?v=1755162850,https://cdn.shopify.com/s/files/1/0630/0178/8662/files/NDV05287_smaller.jpg?v=1755162850,https://cdn.shopify.com/s/files/1/0630/0178/8662/files/NDV05247_smaller.jpg?v=1755162850,249.95,499.95,16,Pora&Co,321456789,Portable monitor,0
47208159019349,"Portable monitor voor gaming 39.6cm","Beleef je games zoals nooit tevoren met onze 39.6 cm Portable Gaming Monitor. Deze compacte maar krachtige monitor is speciaal ontworpen voor gamers die onderweg geen compromis willen sluiten op beeldkwaliteit en prestaties.
Deze Portable monitor is geschikt voor Xbox, Playstation, Wii en andere consoles.
Belangrijkste Kenmerken:
Ultieme Beeldkwaliteit


Full HD-resolutie (1920 x 1080): Geniet van haarscherpe beelden en levendige kleuren, ideaal voor het spotten van elke vijand en het bewonderen van prachtige spelomgevingen.

IPS-paneel: Biedt brede kijkhoeken en consistente kleuren, zodat je vanuit elke positie van het scherm kunt genieten zonder vervorming.

Snelle Reactietijd en Vloeiende Bewegingen


60Hz verversingssnelheid: Ervaar soepelere gameplay en verminderde bewegingsonscherpte, cruciaal voor snelle actiespellen en sportgames.

5ms reactietijd: Minimaliseer input-lag en reageer sneller op wat er op het scherm gebeurt, wat je een voorsprong geeft in competitieve games.

Draagbaarheid en Gebruiksgemak


Slank en lichtgewicht ontwerp: Met zijn ultradunne profiel en lichte gewicht is deze monitor eenvoudig mee te nemen in je rugzak of koffer, perfect voor LAN-parties, vakanties of gewoon onderweg.

Ingebouwde batterij: Speel je favoriete games overal zonder afhankelijk te zijn van een stopcontact. De lange batterijduur zorgt voor urenlang speelplezier.

Plug-and-Play: Eenvoudige connectiviteit via USB-C of HDMI maakt het mogelijk om snel je laptop, console of smartphone aan te sluiten zonder gedoe.

Extra's voor Gamers


Kantelbare standaard: Pas de hoek van de monitor eenvoudig aan voor de meest comfortabele kijkervaring, of je nu aan een bureau zit of op een bank ligt.

Ingebouwde luidsprekers: Hoogwaardige audio-ervaring zonder dat je extra speakers hoeft mee te nemen. Perfect voor onderweg of in kleine ruimtes.

Compatibel met VESA-montage: Bevestig de monitor aan een monitorarm of wandbeugel voor een permanente opstelling thuis.


Let op:
De HDMI-aansluiting zorgt alleen voor signaal. De USB-C dient als voeding en signaal. Bij gebruik van smartphone in combinatie met de portable monitor dient de monitor ook op netstroom te worden aangesloten. Bij gebruik in combinatie met PC hoeft dit niet.
Check van tevoren of uw telefoon MHL (Mobile High-Definition Link) ondersteunt. Sommige oude telefoons ondersteunen dit niet.
Geschikt voor meerdere apparaten
Compatibel met PC, Android-telefoons, iPhone (met adapter), Mac, PS5 en Xbox voor ultieme flexibiliteit.
Twee USB Type-C 3.1-poorten
Profiteer van extra connectiviteitsopties en de mogelijkheid om de monitor rechtstreeks van stroom te voorzien via je PC, mits deze dat ondersteunt
Specifiek Ontworpen voor Gamers
Deze portable gaming monitor is niet alleen een extra scherm, maar een essentieel onderdeel van je gaming setup. Of je nu geniet van een episch avontuur, deelneemt aan een intense online strijd of gewoon je favoriete stream kijkt, deze monitor levert altijd topprestaties.
Ontdek het gemak van gamen waar je maar wilt met onze 39.6 cm Portable Gaming Monitor. Maak je klaar om je game-ervaring naar een hoger niveau te tillen!
",https://poraenco-nl.myshopify.com/products/portable-monitor-15-6-inch,https://poraenco-nl.myshopify.com/products/portable-monitor-15-6-inch,https://cdn.shopify.com/s/files/1/0630/0178/8662/files/WhatsApp_Image_2025-05-24_at_18.00.12_1.jpg?v=1748167313,https://cdn.shopify.com/s/files/1/0630/0178/8662/files/portable-monitor-voor-gaming-39-6cm-elektronica-755.png?v=1748167313,https://cdn.shopify.com/s/files/1/0630/0178/8662/files/portable-monitor-voor-gaming-39-6cm-elektronica-958.png?v=1748167313,https://cdn.shopify.com/s/files/1/0630/0178/8662/files/Artboard6_3.jpg?v=1748167313,99.95,209.95,9,Pora&Co,8720828191132,Portable monitor,0
47208201847125,"Portable monitor voor zakelijk gebruik 35.6cm","Beschrijving:
Of u nu onderweg bent voor zaken, vanuit huis werkt, of extra schermruimte nodig hebt op kantoor, de Portable Monitor 35.6cm is de ideale metgezel voor elke professional. Met zijn 35.6 cm (14 inch) Full HD scherm biedt deze monitor kristalheldere beelden en levendige kleuren, dankzij het IPS-paneel. Dit zorgt ervoor dat uw presentaties, spreadsheets en zakelijke toepassingen er altijd scherp en professioneel uitzien.
Flexibele Connectiviteit: De monitor beschikt over meerdere aansluitmogelijkheden, waaronder USB-C, HDMI en mini-DisplayPort. Dit maakt het eenvoudig om verbinding te maken met laptops, smartphones en andere apparaten. Met de USB-C aansluiting kunt u zowel beeldsignaal als voeding via één enkele kabel regelen, waardoor uw werkplek netjes en kabelvrij blijft.
Ultradraagbaar Ontwerp: Met een gewicht van slechts 800 gram en een ultradun profiel van 9 mm, is deze monitor gemakkelijk mee te nemen in uw laptoptas of rugzak. Of u nu in een vliegtuig, trein of café werkt, de Portable Monitor 35.6cm is altijd klaar voor gebruik.
Multifunctionele Standaard: De monitor wordt geleverd met een multifunctionele standaard die verschillende kijkhoeken ondersteunt en tevens dienst doet als beschermhoes tijdens het vervoer. Hierdoor kunt u altijd de perfecte werkpositie vinden, waar u ook bent.
Verhoogde Productiviteit: Uit onderzoek blijkt dat werken met een tweede scherm de productiviteit aanzienlijk kan verhogen. Met deze portable monitor kunt u multitasken als nooit tevoren. Werk aan uw rapporten terwijl u een videoconferentie houdt, of houd uw e-mail bij terwijl u aan een presentatie werkt
Let op:
De HDMI-aansluiting zorgt alleen voor signaal. De USB-C dient als voeding en signaal. Bij gebruik van smartphone in combinatie met de portable monitor dient de monitor ook op netstroom te worden aangesloten. Bij gebruik in combinatie met PC hoeft dit niet.
Check van tevoren of uw telefoon MHL (Mobile High-Definition Link) ondersteunt. Sommige oude telefoons ondersteunen dit niet.
Geschikt voor meerdere apparaten
Compatibel met PC, Android-telefoons, iPhone (met adapter), Mac, PS5 en Xbox voor ultieme flexibiliteit.
Twee USB Type-C 3.1-poorten
Profiteer van extra connectiviteitsopties en de mogelijkheid om de monitor rechtstreeks van stroom te voorzien via je PC, mits deze dat ondersteunt

Technische Specificaties:


Schermgrootte: 35.6 cm (14 inch)

Resolutie: 1920 x 1080 pixels

Paneeltype: IPS

Helderheid: 60 nits

Contrast Ratio: 1000:1

Kijkhoeken: 178° horizontaal / 178° verticaal

Aansluitingen: USB-C, HDMI, mini-DisplayPort

Gewicht: 800 gram

Afmetingen: 32.5 x 20.5 x 0.9 cm (LxBxH)

Kleur: Zwart

Inhoud van de verpakking:

Portable Monitor 35.6cm
Multifunctionele standaard/beschermhoes
USB-C kabel
HDMI kabel
Mini-DisplayPort naar DisplayPort kabel
Gebruikershandleiding

",https://poraenco-nl.myshopify.com/products/portable-monitor-14-5-inch,https://poraenco-nl.myshopify.com/products/portable-monitor-14-5-inch,https://cdn.shopify.com/s/files/1/0630/0178/8662/files/Artboard1_1_0a3472e0-71ea-417d-a0b8-0cabf59a1793.jpg?v=1747835108,https://cdn.shopify.com/s/files/1/0630/0178/8662/files/portable-monitor-voor-zakelijk-gebruik-35-6cm-elektronica-618.jpg?v=1747835108,https://cdn.shopify.com/s/files/1/0630/0178/8662/files/Artboard6_1_f1c0db41-1610-460c-8355-581fe21ec2ba.jpg?v=1747835108,https://cdn.shopify.com/s/files/1/0630/0178/8662/files/Artboard2_1.jpg?v=1747835108,119.95,229.95,5,Pora&Co,8720828191149,Portable monitor,0
48068281139541,"Portable monitor voor zakelijk gebruik met touchscreen 35.6cm","Til uw productiviteit naar een hoger niveau met onze ultradunne en lichtgewicht portable touchscreen monitor, speciaal ontworpen voor de moderne zakelijke professional. Of u nu onderweg bent, thuis werkt of op kantoor bent, deze monitor biedt de ultieme combinatie van draagbaarheid, functionaliteit en stijl.
Belangrijkste Kenmerken:


Touchscreen Technologie: Ervaar een intuïtieve bediening met onze hoogwaardige touchscreen technologie. Met een nauwkeurige en responsieve 10-punts aanraakfunctionaliteit kunt u eenvoudig documenten doorbladeren, presentaties geven en creatieve projecten tot leven brengen.


Full HD Beeldkwaliteit: Geniet van een scherpe en heldere weergave met de Full HD resolutie (1920 x 1080). De levendige kleuren en het brede kijkhoekpaneel zorgen voor een optimale visuele ervaring, ideaal voor het bekijken van spreadsheets, grafieken en presentaties.


Draagbaar en Lichtgewicht: Deze monitor is ontworpen met mobiliteit in gedachten. Met een slank profiel van slechts enkele millimeters en een gewicht van minder dan 1 kilogram past hij gemakkelijk in uw laptoptas of rugzak. Perfect voor professionals die vaak onderweg zijn.


Eenvoudige Connectiviteit: Met meerdere aansluitmogelijkheden zoals USB-C, HDMI en micro-USB, biedt deze monitor naadloze compatibiliteit met een breed scala aan apparaten, waaronder laptops, smartphones en tablets. De plug-and-play functionaliteit maakt installatie een fluitje van een cent.


Ingebouwde Stand en Beschermhoes: De geïntegreerde stand biedt meerdere kijkhoeken, zodat u altijd de perfecte positie kunt vinden voor uw werk. De duurzame beschermhoes zorgt ervoor dat uw monitor veilig blijft tijdens transport en fungeert tevens als een standaard.


Energiezuinig: Dankzij de geavanceerde energiebeheerfuncties kunt u langer werken zonder de batterij van uw apparaat uit te putten. De monitor kan via USB-C worden gevoed, waardoor u geen extra stopcontact nodig heeft.


Gebruiksscenario's:


Vergaderingen en Presentaties: Verander elke ruimte in een vergaderzaal met deze draagbare monitor. Deel uw scherm en presenteer uw ideeën moeiteloos aan collega's en klanten.


Productiviteit onderweg: Breid uw werkruimte uit, waar u ook bent. Werk efficiënter met een tweede scherm voor multitasking en verhoogde productiviteit.


Creatieve Projecten: Ideaal voor grafisch ontwerpers en creatieve professionals die een extra canvas nodig hebben voor hun werk. De nauwkeurige touchscreen maakt gedetailleerd werk eenvoudig en nauwkeurig.


Conclusie: Onze portable touchscreen monitor is de perfecte metgezel voor elke zakelijke professional. Met zijn innovatieve functies, gebruiksgemak en draagbaarheid, biedt hij de flexibiliteit en efficiëntie die u nodig heeft om uw werk overal mee naartoe te nemen. Voeg deze monitor toe aan uw arsenaal en ervaar een nieuwe dimensie van productiviteit en comfort.
Let op:
De HDMI-aansluiting zorgt alleen voor signaal. De USB-C dient als voeding en signaal. Bij gebruik van smartphone in combinatie met de portable monitor dient de monitor ook op netstroom te worden aangesloten. Bij gebruik in combinatie met PC hoeft dit niet.
Check van tevoren of uw telefoon MHL (Mobile High-Definition Link) ondersteunt. Sommige oude telefoons ondersteunen dit niet.
Geschikt voor meerdere apparaten
Compatibel met PC, Android-telefoons, iPhone (met adapter), Mac, PS5 en Xbox voor ultieme flexibiliteit.
Twee USB Type-C 3.1-poorten
Profiteer van extra connectiviteitsopties en de mogelijkheid om de monitor rechtstreeks van stroom te voorzien via je PC, mits deze dat ondersteunt
Technische Specificaties:


Schermgrootte: 35.6 cm (14 inch)

Resolutie: 1920 x 1080 pixels

Paneeltype: IPS

Helderheid: 60 nits

Contrast Ratio: 1000:1

Kijkhoeken: 178° horizontaal / 178° verticaal

Aansluitingen: USB-C, HDMI, mini-DisplayPort

Gewicht: 800 gram

Afmetingen: 32.5 x 20.5 x 0.9 cm (LxBxH)

Kleur: Zwart

Inhoud van de verpakking:

Portable Monitor Touchscreen 35.6cm
Multifunctionele standaard/beschermhoes
USB-C kabel
HDMI kabel
Mini-DisplayPort naar DisplayPort kabel
Gebruikershandleiding

",https://poraenco-nl.myshopify.com/products/portable-game-monitor-touchscreen-14-inch,https://poraenco-nl.myshopify.com/products/portable-game-monitor-touchscreen-14-inch,https://cdn.shopify.com/s/files/1/0630/0178/8662/files/Artboard1_1.jpg?v=1747834620,https://cdn.shopify.com/s/files/1/0630/0178/8662/files/portable-monitor-voor-zakelijk-gebruik-met-touchscreen-35-6cm-846.jpg?v=1747834620,https://cdn.shopify.com/s/files/1/0630/0178/8662/files/Artboard9_1.jpg?v=1747834705,https://cdn.shopify.com/s/files/1/0630/0178/8662/files/Artboard8_1.jpg?v=1747834705,149.95,269.95,13,Pora&Co,8720828191279,Portable monitor,0
47756900860245,"Stickerpapier - Instant Camera - T02 model Pocket printer - Pora&Co","Stickerpapier - T02 model - Pora&amp;Co - Pocket printer - Instant Camera",https://poraenco-nl.myshopify.com/products/stickerpapier-t02-model-pora-co-pocket-printer,https://poraenco-nl.myshopify.com/products/stickerpapier-t02-model-pora-co-pocket-printer,https://cdn.shopify.com/s/files/1/0630/0178/8662/files/stickerpapier-t02-model-pora-co-pocket-printer-545.jpg?v=1740057223,https://cdn.shopify.com/s/files/1/0630/0178/8662/files/stickerpapier-t02-model-pora-co-pocket-printer-195.jpg?v=1740057227,https://cdn.shopify.com/s/files/1/0630/0178/8662/files/stickerpapier-t02-model-pora-co-pocket-printer-844.jpg?v=1740057231,https://cdn.shopify.com/s/files/1/0630/0178/8662/files/stickerpapier-t02-model-pora-co-pocket-printer-237.jpg?v=1740057236,14.95,39.95,91,Pora&Co,8720828191217,Pocket printers,0
51469978435925,"Thermisch a4 papier - 100 stuks","


Zorg dat je nooit zonder papier komt te zitten! Met dit hoogwaardige thermische A4-papier kun je direct afdrukken zonder inkt of toner. Ideaal voor onderweg, op kantoor of thuis.
Inhoud: 100 vellen A4-formaatCompatibel met: Phomemo® M08F, HPRT MT800/MT800Q, Brother PJ762/PJ763MFi en andere thermische A4-printersVoordelen:

Geen inkt of toner nodig
Scherpe, duidelijke prints
Handig voor rapporten, facturen, contracten en meer
Lichtgewicht en gemakkelijk mee te nemen

Met dit pakket van 100 vellen heb je altijd voldoende voorraad voor je dagelijkse printbehoeften.


",https://poraenco-nl.myshopify.com/products/thermisch-a4-papier-100-stuks,https://poraenco-nl.myshopify.com/products/thermisch-a4-papier-100-stuks,https://cdn.shopify.com/s/files/1/0630/0178/8662/files/WhatsAppImage2025-09-05at13.01.55_2.jpg?v=1758109067,https://cdn.shopify.com/s/files/1/0630/0178/8662/files/WhatsAppImage2025-09-05at13.01.55.jpg?v=1758109067,https://cdn.shopify.com/s/files/1/0630/0178/8662/files/WhatsAppImage2025-09-05at13.01.55_1.jpg?v=1758109067,https://cdn.shopify.com/s/files/1/0630/0178/8662/files/WhatsAppImage2025-09-05at13.01.54_2.jpg?v=1758109067,14.95,29.95,100,Pora&Co,8720828191491,,0
49043176161621,"Thermisch printer A4 zwart","Ontdek de ultieme draagbare printervaring met onze compacte A4-printer! Met zijn gestroomlijnde zwart-witte ontwerp brengt deze printer niet alleen stijl, maar ook functionaliteit naar een hoger niveau. Of je nu onderweg bent of thuis werkt, deze printer staat klaar om al jouw printbehoeften te vervullen.
Met deze printer kun je eenvoudig printen vanaf je computer of zelfs via je telefoon. Dankzij de handige draadloze connectiviteit hoef je je geen zorgen te maken over kabels en draden. Of je nu documenten, foto's of zelfs tickets wilt printen, het kan allemaal met slechts een paar tikken op je apparaat.
Bovendien wordt deze printer geleverd met 200 vellen hoogwaardig thermisch papier, waardoor je meteen aan de slag kunt. Geen gedoe meer met het zoeken naar de juiste soort papier, want wij hebben het al voor je verzorgd. Zo kun je direct genieten van heldere en scherpe prints, waar je ook bent.
En dat is nog niet alles! Om jouw draagbare printervaring compleet te maken, wordt deze printer geleverd met een handige draagtas. Hiermee kun je de printer veilig opbergen en gemakkelijk meenemen, waar je ook naartoe gaat. Of het nu naar een vergadering, een café of gewoon naar huis is, jouw printer is altijd binnen handbereik.
Belangrijkste kenmerken om te onthouden:

Print alleen in zwart-wit vanaf je telefoon of computer.
Veel verschillende documenten afdrukken, op speciaal thermisch papier dat is inbegrepen. (afdrukken op normaal papier is niet mogelijk)
Printen is mogelijk op één zijde van het thermische papier. Op de andere zijde staat een kleine inscriptie om aan te duiden dat daarop niet geprint kan worden

Uitstekende printkwaliteit


Uitzonderlijke Kwaliteit: Geniet van een afdrukkwaliteit van professioneel niveau met onze thermische printer. Mogelijk gemaakt door een resolutie van 203 DPI waardoor het de standaard afdrukkwaliteit overtreft. Perfect voor verschillende documenten.

Inktloze efficiëntie: Bespaar tijd, geld en het milieu doordat er geen inktpatronen of toners nodig zijn.

Langdurige batterij


Extra lange batterijduur: Uitgerust met een krachtige oplaadbare batterij van 1200mAh, die voldoende energie levert om tot 120 vellen af te drukken.

Wat is thermisch papier?
Thermisch papier werkt zonder inkt. In plaats daarvan wordt zwarte tekst en afbeeldingen gecreëerd door warmte op het papier aan te brengen, vergelijkbaar met het proces dat wordt gebruikt voor bonnetjes. Zeg vaarwel tegen rommelige inktpatronen!
Specificaties

Afdrukkwaliteit: 203 DPI
Printertype: Thermisch
Papierformaat: A4
Kleur: Zwart
Verbinding: Draadloos
Geschiktheid: Geschikt voor smartphones, tablets en laptops (iOS, Android, Mac, Pc)
Stroomvoorziening: Oplaadbare batterij of AC-stroomkabel (meegeleverd)
Batterij Capaciteit: 1200 mAh

Inbegrepen

1 x Draagbare thermische printer
1x USB naar USB-C-adapter
1 x Gebruikershandleiding
1 x USB-C-kabel


Kies voor gemak, stijl en functionaliteit met onze draagbare A4-printer. Maak printen eenvoudiger en efficiënter dan ooit tevoren!
",https://poraenco-nl.myshopify.com/products/thermisch-printer-a4-zwart,https://poraenco-nl.myshopify.com/products/thermisch-printer-a4-zwart,https://cdn.shopify.com/s/files/1/0630/0178/8662/files/61CMQn4LzKL._AC_SL1500.jpg?v=1756817777,https://cdn.shopify.com/s/files/1/0630/0178/8662/files/thermisch-printer-a4-zwart-elektronica-550.jpg?v=1756817777,https://cdn.shopify.com/s/files/1/0630/0178/8662/files/thermisch-printer-a4-zwart-elektronica-468.jpg?v=1756817777,https://cdn.shopify.com/s/files/1/0630/0178/8662/files/thermisch-printer-a4-zwart-elektronica-277.jpg?v=1756817777,129.95,249.95,98,Pora&Co,8720828191293,Thermal printer,0
49043190841685,"Thermische Printer A4 grijs","Ontdek de ultieme draagbare printervaring met onze compacte A4-printer! Met zijn gestroomlijnde zwart-witte ontwerp brengt deze printer niet alleen stijl, maar ook functionaliteit naar een hoger niveau. Of je nu onderweg bent of thuis werkt, deze printer staat klaar om al jouw printbehoeften te vervullen.
Met deze printer kun je eenvoudig printen vanaf je computer of zelfs via je telefoon. Dankzij de handige draadloze connectiviteit hoef je je geen zorgen te maken over kabels en draden. Of je nu documenten, foto's of zelfs tickets wilt printen, het kan allemaal met slechts een paar tikken op je apparaat.
Bovendien wordt deze printer geleverd met 200 vellen hoogwaardig thermisch papier, waardoor je meteen aan de slag kunt. Geen gedoe meer met het zoeken naar de juiste soort papier, want wij hebben het al voor je verzorgd. Zo kun je direct genieten van heldere en scherpe prints, waar je ook bent.
En dat is nog niet alles! Om jouw draagbare printervaring compleet te maken, wordt deze printer geleverd met een handige draagtas. Hiermee kun je de printer veilig opbergen en gemakkelijk meenemen, waar je ook naartoe gaat. Of het nu naar een vergadering, een café of gewoon naar huis is, jouw printer is altijd binnen handbereik.
Belangrijkste kenmerken om te onthouden:

Print alleen in zwart-wit vanaf je telefoon of computer.
Veel verschillende documenten afdrukken, op speciaal thermisch papier dat is inbegrepen. (afdrukken op normaal papier is niet mogelijk)
Printen is mogelijk op één zijde van het thermische papier. Op de andere zijde staat een kleine inscriptie om aan te duiden dat daarop niet geprint kan worden

Uitstekende printkwaliteit


Uitzonderlijke Kwaliteit: Geniet van een afdrukkwaliteit van professioneel niveau met onze thermische printer. Mogelijk gemaakt door een resolutie van 203 DPI waardoor het de standaard afdrukkwaliteit overtreft. Perfect voor verschillende documenten.

Inktloze efficiëntie: Bespaar tijd, geld en het milieu doordat er geen inktpatronen of toners nodig zijn.

Langdurige batterij


Extra lange batterijduur: Uitgerust met een krachtige oplaadbare batterij van 1200mAh, die voldoende energie levert om tot 120 vellen af te drukken.

Wat is thermisch papier?
Thermisch papier werkt zonder inkt. In plaats daarvan wordt zwarte tekst en afbeeldingen gecreëerd door warmte op het papier aan te brengen, vergelijkbaar met het proces dat wordt gebruikt voor bonnetjes. Zeg vaarwel tegen rommelige inktpatronen!
Specificaties

Afdrukkwaliteit: 203 DPI
Printertype: Thermisch
Papierformaat: A4
Kleur: Grijs
Verbinding: Draadloos
Geschiktheid: Geschikt voor smartphones, tablets en laptops (iOS, Android, Mac, Pc)
Stroomvoorziening: Oplaadbare batterij of AC-stroomkabel (meegeleverd)
Batterij Capaciteit: 1200 mAh

Inbegrepen

1 x Draagbare thermische printer
1x USB naar USB-C-adapter
1 x Gebruikershandleiding
1 x USB-C-kabel

Kies voor gemak, stijl en functionaliteit met onze draagbare A4-printer. Maak printen eenvoudiger en efficiënter dan ooit tevoren!
",https://poraenco-nl.myshopify.com/products/thermische-printer-a4-grijs,https://poraenco-nl.myshopify.com/products/thermische-printer-a4-grijs,https://cdn.shopify.com/s/files/1/0630/0178/8662/files/61o6Lgt4QWL._AC_SX679.jpg?v=1756817493,https://cdn.shopify.com/s/files/1/0630/0178/8662/files/thermische-printer-a4-grijs-elektronica-403.jpg?v=1756817493,https://cdn.shopify.com/s/files/1/0630/0178/8662/files/thermische-printer-a4-grijs-elektronica-886.jpg?v=1756817493,https://cdn.shopify.com/s/files/1/0630/0178/8662/files/thermische-printer-a4-grijs-elektronica-735.jpg?v=1756817493,129.95,249.95,481,Pora&Co,8720828191309,Thermal printer,0
49043157877077,"Thermische printer A4 Zwart/Groen"," 
Ontdek de ultieme draagbare printervaring met onze compacte A4-printer! Met zijn gestroomlijnde zwart-witte ontwerp brengt deze printer niet alleen stijl, maar ook functionaliteit naar een hoger niveau. Of je nu onderweg bent of thuis werkt, deze printer staat klaar om al jouw printbehoeften te vervullen.
Met deze printer kun je eenvoudig printen vanaf je computer of zelfs via je telefoon. Dankzij de handige draadloze connectiviteit hoef je je geen zorgen te maken over kabels en draden. Of je nu documenten, foto's of zelfs tickets wilt printen, het kan allemaal met slechts een paar tikken op je apparaat.
Bovendien wordt deze printer geleverd met 200 vellen hoogwaardig thermisch papier, waardoor je meteen aan de slag kunt. Geen gedoe meer met het zoeken naar de juiste soort papier, want wij hebben het al voor je verzorgd. Zo kun je direct genieten van heldere en scherpe prints, waar je ook bent.
En dat is nog niet alles! Om jouw draagbare printervaring compleet te maken, wordt deze printer geleverd met een handige draagtas. Hiermee kun je de printer veilig opbergen en gemakkelijk meenemen, waar je ook naartoe gaat. Of het nu naar een vergadering, een café of gewoon naar huis is, jouw printer is altijd binnen handbereik.
Belangrijkste kenmerken om te onthouden:

Print alleen in zwart-wit vanaf je telefoon of computer.
Veel verschillende documenten afdrukken, op speciaal thermisch papier dat is inbegrepen. (afdrukken op normaal papier is niet mogelijk)
Printen is mogelijk op één zijde van het thermische papier. Op de andere zijde staat een kleine inscriptie om aan te duiden dat daarop niet geprint kan worden

Uitstekende printkwaliteit


Uitzonderlijke Kwaliteit: Geniet van een afdrukkwaliteit van professioneel niveau met onze thermische printer. Mogelijk gemaakt door een resolutie van 203 DPI waardoor het de standaard afdrukkwaliteit overtreft. Perfect voor verschillende documenten.

Inktloze efficiëntie: Bespaar tijd, geld en het milieu doordat er geen inktpatronen of toners nodig zijn.

Langdurige batterij


Extra lange batterijduur: Uitgerust met een krachtige oplaadbare batterij van 1200mAh, die voldoende energie levert om tot 120 vellen af te drukken.

Wat is thermisch papier?
Thermisch papier werkt zonder inkt. In plaats daarvan wordt zwarte tekst en afbeeldingen gecreëerd door warmte op het papier aan te brengen, vergelijkbaar met het proces dat wordt gebruikt voor bonnetjes. Zeg vaarwel tegen rommelige inktpatronen!
Specificaties

Afdrukkwaliteit: 203 DPI
Printertype: Thermisch
Papierformaat: A4
Kleur: Zwart/Groen
Verbinding: Draadloos
Geschiktheid: Geschikt voor smartphones, tablets en laptops (iOS, Android, Mac, Pc)
Stroomvoorziening: Oplaadbare batterij of AC-stroomkabel (meegeleverd)
Batterij Capaciteit: 1200 mAh

Inbegrepen

1 x Draagbare thermische printer
1x USB naar USB-C-adapter
1 x Gebruikershandleiding
1 x USB-C-kabel

Kies voor gemak, stijl en functionaliteit met onze draagbare A4-printer. Maak printen eenvoudiger en efficiënter dan ooit tevoren!
",https://poraenco-nl.myshopify.com/products/thermische-printer-a4-zwart-groen,https://poraenco-nl.myshopify.com/products/thermische-printer-a4-zwart-groen,https://cdn.shopify.com/s/files/1/0630/0178/8662/files/61bD00Xle5L._AC_SL1500_23af19fa-3fb4-4987-893f-bf8fba3a7b39.jpg?v=1756817731,https://cdn.shopify.com/s/files/1/0630/0178/8662/files/thermische-printer-a4-zwart-groen-elektronica-494.jpg?v=1756817731,https://cdn.shopify.com/s/files/1/0630/0178/8662/files/thermische-printer-a4-zwart-groen-elektronica-582.jpg?v=1756817731,https://cdn.shopify.com/s/files/1/0630/0178/8662/files/thermische-printer-a4-zwart-groen-elektronica-608.jpg?v=1756817731,129.95,249.95,96,Pora&Co,8720828191286,Thermal printer,0
50850169389397,"USB stick - 16GB - Geschikt voor Digitale fotolijst Pora&Co","Uitbreidbaar Geheugen met USB-stick voor je Digitale Fotolijst – Pora&amp;Co
Breid het geheugen van je digitale fotolijst van Pora&amp;Co eenvoudig uit met deze handige USB-stick. Ideaal voor het opslaan van extra foto's en video's buiten het interne geheugen. Zo hoef je nooit meer te kiezen welke herinneringen je toont – bewaar ze allemaal en wissel ze moeiteloos af.
De USB-stick is direct klaar voor gebruik: plug &amp; play, zonder ingewikkelde installatie. Perfect geschikt voor gebruikers die meer ruimte willen voor hun favoriete momenten.
Voordelen:


Extra opslagruimte voor foto's en video's


Plug &amp; play: direct te gebruiken zonder instellingen


Compatibel met alle digitale fotolijsten van Pora&amp;Co


Compact, stijlvol en makkelijk mee te nemen


Laat je herinneringen groeien – zonder limiet.",https://poraenco-nl.myshopify.com/products/usb-stick-16gb-geschikt-voor-digitale-fotolijst-pora-co,https://poraenco-nl.myshopify.com/products/usb-stick-16gb-geschikt-voor-digitale-fotolijst-pora-co,https://cdn.shopify.com/s/files/1/0630/0178/8662/files/WhatsAppImage2025-05-26at19.25.29_2.jpg?v=1748376928,https://cdn.shopify.com/s/files/1/0630/0178/8662/files/WhatsAppImage2025-05-26at19.25.29_1.jpg?v=1748376929,https://cdn.shopify.com/s/files/1/0630/0178/8662/files/WhatsAppImage2025-05-26at19.25.29.jpg?v=1748376929,,14.95,29.95,95,Pora&Co,872083211246,Accessories,0